"ISO","year","total_deaths","conflict"
"AFG",2000,5065,1
"AFG",2001,5394,1
"AFG",2002,5553,1
"AFG",2003,1157,1
"AFG",2004,944,1
"AFG",2005,817,1
"AFG",2006,1711,1
"AFG",2007,4982,1
"AFG",2008,7020,1
"AFG",2009,5660,1
"AFG",2010,6499,1
"AFG",2011,7151,1
"AFG",2012,7563,1
"AFG",2013,7824,1
"AFG",2014,8131,1
"AFG",2015,12549,1
"AFG",2016,17987,1
"AFG",2017,18719,1
"AFG",2018,19776,1
"AFG",2019,26889,1
"AGO",2000,2666,1
"AGO",2001,1206,1
"AGO",2002,2154,1
"AGO",2003,579,1
"AGO",2004,84,1
"AGO",2005,38,1
"AGO",2006,15,0
"AGO",2007,3,0
"AGO",2008,26,1
"AGO",2009,4,0
"AGO",2010,25,1
"AGO",2011,10,0
"AGO",2012,1,0
"AGO",2013,0,0
"AGO",2014,2,0
"AGO",2015,0,0
"AGO",2016,1,0
"AGO",2017,26,1
"AGO",2018,26,1
"AGO",2019,24,0
"ALB",2000,6,0
"ALB",2001,0,0
"ALB",2002,0,0
"ALB",2003,0,0
"ALB",2004,0,0
"ALB",2005,0,0
"ALB",2006,0,0
"ALB",2007,0,0
"ALB",2008,0,0
"ALB",2009,0,0
"ALB",2010,0,0
"ALB",2011,0,0
"ALB",2012,0,0
"ALB",2013,0,0
"ALB",2014,0,0
"ALB",2015,0,0
"ALB",2016,0,0
"ALB",2017,0,0
"ALB",2018,0,0
"ALB",2019,0,0
"AND",2000,0,0
"AND",2001,0,0
"AND",2002,0,0
"AND",2003,0,0
"AND",2004,0,0
"AND",2005,0,0
"AND",2006,0,0
"AND",2007,0,0
"AND",2008,0,0
"AND",2009,0,0
"AND",2010,0,0
"AND",2011,0,0
"AND",2012,0,0
"AND",2013,0,0
"AND",2014,0,0
"AND",2015,0,0
"AND",2016,0,0
"AND",2017,0,0
"AND",2018,0,0
"AND",2019,0,0
"ARE",2000,0,0
"ARE",2001,0,0
"ARE",2002,0,0
"ARE",2003,0,0
"ARE",2004,0,0
"ARE",2005,0,0
"ARE",2006,0,0
"ARE",2007,0,0
"ARE",2008,0,0
"ARE",2009,0,0
"ARE",2010,0,0
"ARE",2011,1,0
"ARE",2012,0,0
"ARE",2013,0,0
"ARE",2014,0,0
"ARE",2015,0,0
"ARE",2016,0,0
"ARE",2017,0,0
"ARE",2018,0,0
"ARE",2019,0,0
"ARG",2000,0,0
"ARG",2001,0,0
"ARG",2002,0,0
"ARG",2003,0,0
"ARG",2004,0,0
"ARG",2005,0,0
"ARG",2006,0,0
"ARG",2007,0,0
"ARG",2008,0,0
"ARG",2009,0,0
"ARG",2010,0,0
"ARG",2011,0,0
"ARG",2012,0,0
"ARG",2013,0,0
"ARG",2014,0,0
"ARG",2015,0,0
"ARG",2016,0,0
"ARG",2017,0,0
"ARG",2018,0,0
"ARG",2019,0,0
"ARM",2000,0,0
"ARM",2001,0,0
"ARM",2002,0,0
"ARM",2003,0,0
"ARM",2004,0,0
"ARM",2005,0,0
"ARM",2006,1,0
"ARM",2007,2,0
"ARM",2008,0,0
"ARM",2009,0,0
"ARM",2010,0,0
"ARM",2011,0,0
"ARM",2012,0,0
"ARM",2013,9,0
"ARM",2014,1,0
"ARM",2015,0,0
"ARM",2016,16,0
"ARM",2017,4,0
"ARM",2018,0,0
"ARM",2019,1,0
"ATG",2000,0,0
"ATG",2001,0,0
"ATG",2002,0,0
"ATG",2003,0,0
"ATG",2004,0,0
"ATG",2005,0,0
"ATG",2006,0,0
"ATG",2007,0,0
"ATG",2008,0,0
"ATG",2009,0,0
"ATG",2010,0,0
"ATG",2011,0,0
"ATG",2012,0,0
"ATG",2013,0,0
"ATG",2014,0,0
"ATG",2015,0,0
"ATG",2016,0,0
"ATG",2017,0,0
"ATG",2018,0,0
"ATG",2019,0,0
"AUS",2000,0,0
"AUS",2001,0,0
"AUS",2002,0,0
"AUS",2003,0,0
"AUS",2004,0,0
"AUS",2005,0,0
"AUS",2006,0,0
"AUS",2007,0,0
"AUS",2008,0,0
"AUS",2009,0,0
"AUS",2010,0,0
"AUS",2011,0,0
"AUS",2012,0,0
"AUS",2013,0,0
"AUS",2014,0,0
"AUS",2015,0,0
"AUS",2016,0,0
"AUS",2017,0,0
"AUS",2018,0,0
"AUS",2019,2,0
"AUT",2000,0,0
"AUT",2001,0,0
"AUT",2002,0,0
"AUT",2003,0,0
"AUT",2004,0,0
"AUT",2005,0,0
"AUT",2006,0,0
"AUT",2007,0,0
"AUT",2008,0,0
"AUT",2009,0,0
"AUT",2010,0,0
"AUT",2011,0,0
"AUT",2012,0,0
"AUT",2013,0,0
"AUT",2014,0,0
"AUT",2015,0,0
"AUT",2016,0,0
"AUT",2017,0,0
"AUT",2018,0,0
"AUT",2019,0,0
"AZE",2000,18,0
"AZE",2001,13,0
"AZE",2002,6,0
"AZE",2003,0,0
"AZE",2004,0,0
"AZE",2005,8,0
"AZE",2006,24,0
"AZE",2007,5,0
"AZE",2008,12,0
"AZE",2009,30,1
"AZE",2010,7,0
"AZE",2011,20,0
"AZE",2012,21,0
"AZE",2013,16,0
"AZE",2014,11,0
"AZE",2015,46,1
"AZE",2016,63,1
"AZE",2017,137,1
"AZE",2018,36,1
"AZE",2019,16,0
"BDI",2000,1009,1
"BDI",2001,2071,1
"BDI",2002,1253,1
"BDI",2003,1576,1
"BDI",2004,1245,1
"BDI",2005,679,1
"BDI",2006,378,1
"BDI",2007,185,1
"BDI",2008,79,1
"BDI",2009,220,1
"BDI",2010,0,0
"BDI",2011,0,0
"BDI",2012,1,0
"BDI",2013,9,0
"BDI",2014,9,0
"BDI",2015,70,1
"BDI",2016,260,1
"BDI",2017,81,1
"BDI",2018,43,1
"BDI",2019,113,1
"BEL",2000,0,0
"BEL",2001,0,0
"BEL",2002,0,0
"BEL",2003,0,0
"BEL",2004,0,0
"BEL",2005,0,0
"BEL",2006,0,0
"BEL",2007,0,0
"BEL",2008,0,0
"BEL",2009,0,0
"BEL",2010,0,0
"BEL",2011,0,0
"BEL",2012,0,0
"BEL",2013,0,0
"BEL",2014,0,0
"BEL",2015,0,0
"BEL",2016,0,0
"BEL",2017,34,1
"BEL",2018,0,0
"BEL",2019,4,0
"BEN",2000,0,0
"BEN",2001,0,0
"BEN",2002,0,0
"BEN",2003,0,0
"BEN",2004,0,0
"BEN",2005,0,0
"BEN",2006,0,0
"BEN",2007,0,0
"BEN",2008,0,0
"BEN",2009,0,0
"BEN",2010,0,0
"BEN",2011,0,0
"BEN",2012,0,0
"BEN",2013,0,0
"BEN",2014,0,0
"BEN",2015,0,0
"BEN",2016,0,0
"BEN",2017,0,0
"BEN",2018,0,0
"BEN",2019,0,0
"BFA",2000,0,0
"BFA",2001,0,0
"BFA",2002,0,0
"BFA",2003,0,0
"BFA",2004,0,0
"BFA",2005,0,0
"BFA",2006,0,0
"BFA",2007,0,0
"BFA",2008,0,0
"BFA",2009,0,0
"BFA",2010,0,0
"BFA",2011,0,0
"BFA",2012,0,0
"BFA",2013,0,0
"BFA",2014,0,0
"BFA",2015,0,0
"BFA",2016,0,0
"BFA",2017,26,1
"BFA",2018,54,1
"BFA",2019,195,1
"BGD",2000,14,0
"BGD",2001,105,1
"BGD",2002,62,1
"BGD",2003,6,0
"BGD",2004,8,0
"BGD",2005,51,1
"BGD",2006,80,1
"BGD",2007,96,1
"BGD",2008,18,0
"BGD",2009,13,0
"BGD",2010,10,0
"BGD",2011,5,0
"BGD",2012,0,0
"BGD",2013,2,0
"BGD",2014,54,1
"BGD",2015,2,0
"BGD",2016,10,0
"BGD",2017,73,1
"BGD",2018,48,1
"BGD",2019,28,1
"BGR",2000,0,0
"BGR",2001,0,0
"BGR",2002,0,0
"BGR",2003,0,0
"BGR",2004,0,0
"BGR",2005,0,0
"BGR",2006,0,0
"BGR",2007,0,0
"BGR",2008,0,0
"BGR",2009,0,0
"BGR",2010,0,0
"BGR",2011,0,0
"BGR",2012,0,0
"BGR",2013,0,0
"BGR",2014,0,0
"BGR",2015,0,0
"BGR",2016,0,0
"BGR",2017,0,0
"BGR",2018,0,0
"BGR",2019,0,0
"BHR",2000,0,0
"BHR",2001,0,0
"BHR",2002,0,0
"BHR",2003,0,0
"BHR",2004,0,0
"BHR",2005,0,0
"BHR",2006,0,0
"BHR",2007,0,0
"BHR",2008,0,0
"BHR",2009,0,0
"BHR",2010,0,0
"BHR",2011,0,0
"BHR",2012,26,1
"BHR",2013,0,0
"BHR",2014,0,0
"BHR",2015,0,0
"BHR",2016,0,0
"BHR",2017,0,0
"BHR",2018,0,0
"BHR",2019,0,0
"BHS",2000,0,0
"BHS",2001,0,0
"BHS",2002,0,0
"BHS",2003,0,0
"BHS",2004,0,0
"BHS",2005,0,0
"BHS",2006,0,0
"BHS",2007,0,0
"BHS",2008,0,0
"BHS",2009,0,0
"BHS",2010,0,0
"BHS",2011,0,0
"BHS",2012,0,0
"BHS",2013,0,0
"BHS",2014,0,0
"BHS",2015,0,0
"BHS",2016,0,0
"BHS",2017,0,0
"BHS",2018,0,0
"BHS",2019,0,0
"BIH",2000,0,0
"BIH",2001,0,0
"BIH",2002,0,0
"BIH",2003,0,0
"BIH",2004,0,0
"BIH",2005,0,0
"BIH",2006,0,0
"BIH",2007,0,0
"BIH",2008,0,0
"BIH",2009,0,0
"BIH",2010,0,0
"BIH",2011,0,0
"BIH",2012,0,0
"BIH",2013,0,0
"BIH",2014,0,0
"BIH",2015,0,0
"BIH",2016,0,0
"BIH",2017,0,0
"BIH",2018,0,0
"BIH",2019,0,0
"BLR",2000,0,0
"BLR",2001,0,0
"BLR",2002,0,0
"BLR",2003,0,0
"BLR",2004,0,0
"BLR",2005,0,0
"BLR",2006,0,0
"BLR",2007,0,0
"BLR",2008,0,0
"BLR",2009,0,0
"BLR",2010,0,0
"BLR",2011,0,0
"BLR",2012,0,0
"BLR",2013,0,0
"BLR",2014,0,0
"BLR",2015,0,0
"BLR",2016,0,0
"BLR",2017,0,0
"BLR",2018,0,0
"BLR",2019,0,0
"BLZ",2000,0,0
"BLZ",2001,0,0
"BLZ",2002,0,0
"BLZ",2003,0,0
"BLZ",2004,0,0
"BLZ",2005,0,0
"BLZ",2006,0,0
"BLZ",2007,0,0
"BLZ",2008,0,0
"BLZ",2009,0,0
"BLZ",2010,0,0
"BLZ",2011,0,0
"BLZ",2012,0,0
"BLZ",2013,0,0
"BLZ",2014,0,0
"BLZ",2015,0,0
"BLZ",2016,0,0
"BLZ",2017,0,0
"BLZ",2018,0,0
"BLZ",2019,0,0
"BOL",2000,0,0
"BOL",2001,50,1
"BOL",2002,0,0
"BOL",2003,0,0
"BOL",2004,0,0
"BOL",2005,0,0
"BOL",2006,0,0
"BOL",2007,0,0
"BOL",2008,0,0
"BOL",2009,0,0
"BOL",2010,0,0
"BOL",2011,0,0
"BOL",2012,0,0
"BOL",2013,0,0
"BOL",2014,0,0
"BOL",2015,0,0
"BOL",2016,0,0
"BOL",2017,0,0
"BOL",2018,0,0
"BOL",2019,0,0
"BRA",2000,62,1
"BRA",2001,46,1
"BRA",2002,74,1
"BRA",2003,61,1
"BRA",2004,43,1
"BRA",2005,86,1
"BRA",2006,54,1
"BRA",2007,22,0
"BRA",2008,40,1
"BRA",2009,20,0
"BRA",2010,40,1
"BRA",2011,4,0
"BRA",2012,34,1
"BRA",2013,270,1
"BRA",2014,4,0
"BRA",2015,1,0
"BRA",2016,18,0
"BRA",2017,34,1
"BRA",2018,2803,1
"BRA",2019,2380,1
"BRB",2000,0,0
"BRB",2001,0,0
"BRB",2002,0,0
"BRB",2003,0,0
"BRB",2004,0,0
"BRB",2005,0,0
"BRB",2006,0,0
"BRB",2007,0,0
"BRB",2008,0,0
"BRB",2009,0,0
"BRB",2010,0,0
"BRB",2011,0,0
"BRB",2012,0,0
"BRB",2013,0,0
"BRB",2014,0,0
"BRB",2015,0,0
"BRB",2016,0,0
"BRB",2017,0,0
"BRB",2018,0,0
"BRB",2019,0,0
"BRN",2000,0,0
"BRN",2001,0,0
"BRN",2002,0,0
"BRN",2003,0,0
"BRN",2004,0,0
"BRN",2005,0,0
"BRN",2006,0,0
"BRN",2007,0,0
"BRN",2008,0,0
"BRN",2009,0,0
"BRN",2010,0,0
"BRN",2011,0,0
"BRN",2012,0,0
"BRN",2013,0,0
"BRN",2014,0,0
"BRN",2015,0,0
"BRN",2016,0,0
"BRN",2017,0,0
"BRN",2018,0,0
"BRN",2019,0,0
"BTN",2000,0,0
"BTN",2001,0,0
"BTN",2002,0,0
"BTN",2003,0,0
"BTN",2004,0,0
"BTN",2005,0,0
"BTN",2006,0,0
"BTN",2007,0,0
"BTN",2008,0,0
"BTN",2009,0,0
"BTN",2010,0,0
"BTN",2011,0,0
"BTN",2012,0,0
"BTN",2013,0,0
"BTN",2014,0,0
"BTN",2015,0,0
"BTN",2016,0,0
"BTN",2017,0,0
"BTN",2018,0,0
"BTN",2019,0,0
"BWA",2000,0,0
"BWA",2001,0,0
"BWA",2002,0,0
"BWA",2003,0,0
"BWA",2004,0,0
"BWA",2005,0,0
"BWA",2006,0,0
"BWA",2007,0,0
"BWA",2008,0,0
"BWA",2009,0,0
"BWA",2010,0,0
"BWA",2011,0,0
"BWA",2012,0,0
"BWA",2013,0,0
"BWA",2014,0,0
"BWA",2015,0,0
"BWA",2016,0,0
"BWA",2017,0,0
"BWA",2018,0,0
"BWA",2019,0,0
"CAF",2000,5,0
"CAF",2001,6,0
"CAF",2002,216,1
"CAF",2003,152,1
"CAF",2004,19,0
"CAF",2005,23,0
"CAF",2006,8,0
"CAF",2007,190,1
"CAF",2008,143,1
"CAF",2009,8,0
"CAF",2010,244,1
"CAF",2011,148,1
"CAF",2012,195,1
"CAF",2013,132,1
"CAF",2014,3396,1
"CAF",2015,3494,1
"CAF",2016,743,1
"CAF",2017,688,1
"CAF",2018,1849,1
"CAF",2019,640,1
"CAN",2000,11,0
"CAN",2001,23,0
"CAN",2002,1,0
"CAN",2003,0,0
"CAN",2004,0,0
"CAN",2005,0,0
"CAN",2006,0,0
"CAN",2007,0,0
"CAN",2008,0,0
"CAN",2009,0,0
"CAN",2010,0,0
"CAN",2011,0,0
"CAN",2012,0,0
"CAN",2013,0,0
"CAN",2014,0,0
"CAN",2015,0,0
"CAN",2016,0,0
"CAN",2017,0,0
"CAN",2018,0,0
"CAN",2019,0,0
"CHE",2000,0,0
"CHE",2001,0,0
"CHE",2002,0,0
"CHE",2003,0,0
"CHE",2004,0,0
"CHE",2005,0,0
"CHE",2006,0,0
"CHE",2007,0,0
"CHE",2008,0,0
"CHE",2009,0,0
"CHE",2010,0,0
"CHE",2011,0,0
"CHE",2012,0,0
"CHE",2013,0,0
"CHE",2014,0,0
"CHE",2015,0,0
"CHE",2016,0,0
"CHE",2017,0,0
"CHE",2018,0,0
"CHE",2019,0,0
"CHL",2000,0,0
"CHL",2001,0,0
"CHL",2002,0,0
"CHL",2003,0,0
"CHL",2004,0,0
"CHL",2005,0,0
"CHL",2006,0,0
"CHL",2007,0,0
"CHL",2008,0,0
"CHL",2009,0,0
"CHL",2010,0,0
"CHL",2011,0,0
"CHL",2012,0,0
"CHL",2013,0,0
"CHL",2014,0,0
"CHL",2015,0,0
"CHL",2016,0,0
"CHL",2017,0,0
"CHL",2018,0,0
"CHL",2019,0,0
"CHN",2000,0,0
"CHN",2001,0,0
"CHN",2002,0,0
"CHN",2003,0,0
"CHN",2004,0,0
"CHN",2005,0,0
"CHN",2006,12,0
"CHN",2007,0,0
"CHN",2008,0,0
"CHN",2009,87,1
"CHN",2010,189,1
"CHN",2011,0,0
"CHN",2012,0,0
"CHN",2013,0,0
"CHN",2014,0,0
"CHN",2015,0,0
"CHN",2016,5,0
"CHN",2017,0,0
"CHN",2018,6,0
"CHN",2019,0,0
"CIV",2000,0,0
"CIV",2001,132,1
"CIV",2002,2,0
"CIV",2003,1028,1
"CIV",2004,492,1
"CIV",2005,304,1
"CIV",2006,153,1
"CIV",2007,11,0
"CIV",2008,3,0
"CIV",2009,4,0
"CIV",2010,1,0
"CIV",2011,80,1
"CIV",2012,1256,1
"CIV",2013,21,0
"CIV",2014,4,0
"CIV",2015,0,0
"CIV",2016,0,0
"CIV",2017,49,1
"CIV",2018,0,0
"CIV",2019,0,0
"CMR",2000,0,0
"CMR",2001,2,0
"CMR",2002,0,0
"CMR",2003,0,0
"CMR",2004,0,0
"CMR",2005,0,0
"CMR",2006,0,0
"CMR",2007,0,0
"CMR",2008,0,0
"CMR",2009,0,0
"CMR",2010,0,0
"CMR",2011,0,0
"CMR",2012,0,0
"CMR",2013,0,0
"CMR",2014,1,0
"CMR",2015,1047,1
"CMR",2016,1263,1
"CMR",2017,491,1
"CMR",2018,410,1
"CMR",2019,1007,1
"COD",2000,7541,1
"COD",2001,3052,1
"COD",2002,1391,1
"COD",2003,7931,1
"COD",2004,4328,1
"COD",2005,795,1
"COD",2006,314,1
"COD",2007,390,1
"COD",2008,879,1
"COD",2009,1740,1
"COD",2010,5069,1
"COD",2011,799,1
"COD",2012,511,1
"COD",2013,1842,1
"COD",2014,2196,1
"COD",2015,1622,1
"COD",2016,737,1
"COD",2017,2194,1
"COD",2018,6031,1
"COD",2019,3130,1
"COG",2000,948,1
"COG",2001,0,0
"COG",2002,3,0
"COG",2003,234,1
"COG",2004,33,1
"COG",2005,0,0
"COG",2006,15,0
"COG",2007,0,0
"COG",2008,2,0
"COG",2009,1,0
"COG",2010,0,0
"COG",2011,0,0
"COG",2012,1,0
"COG",2013,2,0
"COG",2014,0,0
"COG",2015,0,0
"COG",2016,0,0
"COG",2017,73,1
"COG",2018,20,0
"COG",2019,0,0
"COL",2000,2093,1
"COL",2001,4293,1
"COL",2002,4592,1
"COL",2003,4346,1
"COL",2004,1183,1
"COL",2005,1781,1
"COL",2006,1725,1
"COL",2007,588,1
"COL",2008,362,1
"COL",2009,252,1
"COL",2010,419,1
"COL",2011,442,1
"COL",2012,227,1
"COL",2013,227,1
"COL",2014,140,1
"COL",2015,156,1
"COL",2016,143,1
"COL",2017,38,1
"COL",2018,87,1
"COL",2019,245,1
"COM",2000,0,0
"COM",2001,0,0
"COM",2002,0,0
"COM",2003,0,0
"COM",2004,0,0
"COM",2005,0,0
"COM",2006,0,0
"COM",2007,0,0
"COM",2008,0,0
"COM",2009,0,0
"COM",2010,0,0
"COM",2011,0,0
"COM",2012,0,0
"COM",2013,0,0
"COM",2014,0,0
"COM",2015,0,0
"COM",2016,0,0
"COM",2017,0,0
"COM",2018,0,0
"COM",2019,0,0
"CPV",2000,0,0
"CPV",2001,0,0
"CPV",2002,0,0
"CPV",2003,0,0
"CPV",2004,0,0
"CPV",2005,0,0
"CPV",2006,0,0
"CPV",2007,0,0
"CPV",2008,0,0
"CPV",2009,0,0
"CPV",2010,0,0
"CPV",2011,0,0
"CPV",2012,0,0
"CPV",2013,0,0
"CPV",2014,0,0
"CPV",2015,0,0
"CPV",2016,0,0
"CPV",2017,0,0
"CPV",2018,0,0
"CPV",2019,0,0
"CRI",2000,0,0
"CRI",2001,0,0
"CRI",2002,0,0
"CRI",2003,0,0
"CRI",2004,0,0
"CRI",2005,0,0
"CRI",2006,0,0
"CRI",2007,0,0
"CRI",2008,0,0
"CRI",2009,0,0
"CRI",2010,0,0
"CRI",2011,0,0
"CRI",2012,0,0
"CRI",2013,0,0
"CRI",2014,0,0
"CRI",2015,0,0
"CRI",2016,0,0
"CRI",2017,0,0
"CRI",2018,0,0
"CRI",2019,0,0
"CUB",2000,0,0
"CUB",2001,0,0
"CUB",2002,0,0
"CUB",2003,0,0
"CUB",2004,0,0
"CUB",2005,0,0
"CUB",2006,0,0
"CUB",2007,0,0
"CUB",2008,0,0
"CUB",2009,0,0
"CUB",2010,0,0
"CUB",2011,0,0
"CUB",2012,0,0
"CUB",2013,0,0
"CUB",2014,0,0
"CUB",2015,0,0
"CUB",2016,0,0
"CUB",2017,0,0
"CUB",2018,0,0
"CUB",2019,0,0
"CYP",2000,0,0
"CYP",2001,0,0
"CYP",2002,0,0
"CYP",2003,0,0
"CYP",2004,0,0
"CYP",2005,0,0
"CYP",2006,0,0
"CYP",2007,0,0
"CYP",2008,0,0
"CYP",2009,0,0
"CYP",2010,0,0
"CYP",2011,0,0
"CYP",2012,0,0
"CYP",2013,0,0
"CYP",2014,0,0
"CYP",2015,0,0
"CYP",2016,0,0
"CYP",2017,0,0
"CYP",2018,0,0
"CYP",2019,0,0
"CZE",2000,0,0
"CZE",2001,0,0
"CZE",2002,0,0
"CZE",2003,0,0
"CZE",2004,0,0
"CZE",2005,0,0
"CZE",2006,0,0
"CZE",2007,0,0
"CZE",2008,0,0
"CZE",2009,0,0
"CZE",2010,0,0
"CZE",2011,0,0
"CZE",2012,0,0
"CZE",2013,0,0
"CZE",2014,0,0
"CZE",2015,0,0
"CZE",2016,0,0
"CZE",2017,0,0
"CZE",2018,0,0
"CZE",2019,0,0
"DEU",2000,0,0
"DEU",2001,0,0
"DEU",2002,0,0
"DEU",2003,0,0
"DEU",2004,0,0
"DEU",2005,0,0
"DEU",2006,0,0
"DEU",2007,0,0
"DEU",2008,0,0
"DEU",2009,0,0
"DEU",2010,0,0
"DEU",2011,0,0
"DEU",2012,0,0
"DEU",2013,0,0
"DEU",2014,0,0
"DEU",2015,0,0
"DEU",2016,0,0
"DEU",2017,12,0
"DEU",2018,0,0
"DEU",2019,0,0
"DJI",2000,25,1
"DJI",2001,0,0
"DJI",2002,0,0
"DJI",2003,0,0
"DJI",2004,0,0
"DJI",2005,0,0
"DJI",2006,0,0
"DJI",2007,0,0
"DJI",2008,0,0
"DJI",2009,35,1
"DJI",2010,0,0
"DJI",2011,0,0
"DJI",2012,0,0
"DJI",2013,0,0
"DJI",2014,0,0
"DJI",2015,1,0
"DJI",2016,0,0
"DJI",2017,0,0
"DJI",2018,0,0
"DJI",2019,6,0
"DMA",2000,0,0
"DMA",2001,0,0
"DMA",2002,0,0
"DMA",2003,0,0
"DMA",2004,0,0
"DMA",2005,0,0
"DMA",2006,0,0
"DMA",2007,0,0
"DMA",2008,0,0
"DMA",2009,0,0
"DMA",2010,0,0
"DMA",2011,0,0
"DMA",2012,0,0
"DMA",2013,0,0
"DMA",2014,0,0
"DMA",2015,0,0
"DMA",2016,0,0
"DMA",2017,0,0
"DMA",2018,0,0
"DMA",2019,0,0
"DNK",2000,0,0
"DNK",2001,0,0
"DNK",2002,0,0
"DNK",2003,0,0
"DNK",2004,0,0
"DNK",2005,0,0
"DNK",2006,0,0
"DNK",2007,0,0
"DNK",2008,0,0
"DNK",2009,0,0
"DNK",2010,0,0
"DNK",2011,0,0
"DNK",2012,0,0
"DNK",2013,0,0
"DNK",2014,0,0
"DNK",2015,0,0
"DNK",2016,0,0
"DNK",2017,0,0
"DNK",2018,0,0
"DNK",2019,0,0
"DOM",2000,0,0
"DOM",2001,0,0
"DOM",2002,0,0
"DOM",2003,0,0
"DOM",2004,0,0
"DOM",2005,0,0
"DOM",2006,0,0
"DOM",2007,0,0
"DOM",2008,0,0
"DOM",2009,0,0
"DOM",2010,0,0
"DOM",2011,0,0
"DOM",2012,0,0
"DOM",2013,0,0
"DOM",2014,0,0
"DOM",2015,0,0
"DOM",2016,0,0
"DOM",2017,0,0
"DOM",2018,0,0
"DOM",2019,0,0
"DZA",2000,1168,1
"DZA",2001,1193,1
"DZA",2002,674,1
"DZA",2003,1058,1
"DZA",2004,714,1
"DZA",2005,500,1
"DZA",2006,232,1
"DZA",2007,292,1
"DZA",2008,495,1
"DZA",2009,345,1
"DZA",2010,541,1
"DZA",2011,252,1
"DZA",2012,276,1
"DZA",2013,264,1
"DZA",2014,222,1
"DZA",2015,111,1
"DZA",2016,110,1
"DZA",2017,89,1
"DZA",2018,77,1
"DZA",2019,35,1
"ECU",2000,0,0
"ECU",2001,0,0
"ECU",2002,2,0
"ECU",2003,0,0
"ECU",2004,26,1
"ECU",2005,0,0
"ECU",2006,0,0
"ECU",2007,0,0
"ECU",2008,0,0
"ECU",2009,25,1
"ECU",2010,0,0
"ECU",2011,0,0
"ECU",2012,0,0
"ECU",2013,0,0
"ECU",2014,0,0
"ECU",2015,0,0
"ECU",2016,0,0
"ECU",2017,0,0
"ECU",2018,0,0
"ECU",2019,0,0
"EGY",2000,4,0
"EGY",2001,5,0
"EGY",2002,0,0
"EGY",2003,0,0
"EGY",2004,0,0
"EGY",2005,35,1
"EGY",2006,124,1
"EGY",2007,2,0
"EGY",2008,0,0
"EGY",2009,2,0
"EGY",2010,1,0
"EGY",2011,1,0
"EGY",2012,31,1
"EGY",2013,75,1
"EGY",2014,135,1
"EGY",2015,249,1
"EGY",2016,991,1
"EGY",2017,404,1
"EGY",2018,902,1
"EGY",2019,692,1
"ERI",2000,17203,1
"ERI",2001,1793,1
"ERI",2002,0,0
"ERI",2003,0,0
"ERI",2004,57,1
"ERI",2005,0,0
"ERI",2006,0,0
"ERI",2007,0,0
"ERI",2008,0,0
"ERI",2009,0,0
"ERI",2010,0,0
"ERI",2011,0,0
"ERI",2012,0,0
"ERI",2013,0,0
"ERI",2014,0,0
"ERI",2015,0,0
"ERI",2016,0,0
"ERI",2017,25,1
"ERI",2018,0,0
"ERI",2019,0,0
"ESP",2000,0,0
"ESP",2001,20,0
"ESP",2002,13,0
"ESP",2003,5,0
"ESP",2004,3,0
"ESP",2005,191,1
"ESP",2006,0,0
"ESP",2007,0,0
"ESP",2008,0,0
"ESP",2009,2,0
"ESP",2010,3,0
"ESP",2011,0,0
"ESP",2012,1,0
"ESP",2013,0,0
"ESP",2014,0,0
"ESP",2015,0,0
"ESP",2016,0,0
"ESP",2017,0,0
"ESP",2018,16,0
"ESP",2019,0,0
"EST",2000,0,0
"EST",2001,0,0
"EST",2002,0,0
"EST",2003,0,0
"EST",2004,0,0
"EST",2005,0,0
"EST",2006,0,0
"EST",2007,0,0
"EST",2008,0,0
"EST",2009,0,0
"EST",2010,0,0
"EST",2011,0,0
"EST",2012,0,0
"EST",2013,0,0
"EST",2014,0,0
"EST",2015,0,0
"EST",2016,0,0
"EST",2017,0,0
"EST",2018,0,0
"EST",2019,0,0
"ETH",2000,30786,1
"ETH",2001,48666,1
"ETH",2002,388,1
"ETH",2003,809,1
"ETH",2004,1093,1
"ETH",2005,475,1
"ETH",2006,290,1
"ETH",2007,430,1
"ETH",2008,500,1
"ETH",2009,311,1
"ETH",2010,590,1
"ETH",2011,152,1
"ETH",2012,66,1
"ETH",2013,385,1
"ETH",2014,88,1
"ETH",2015,39,1
"ETH",2016,307,1
"ETH",2017,529,1
"ETH",2018,475,1
"ETH",2019,687,1
"FIN",2000,0,0
"FIN",2001,0,0
"FIN",2002,0,0
"FIN",2003,0,0
"FIN",2004,0,0
"FIN",2005,0,0
"FIN",2006,0,0
"FIN",2007,0,0
"FIN",2008,0,0
"FIN",2009,0,0
"FIN",2010,0,0
"FIN",2011,0,0
"FIN",2012,0,0
"FIN",2013,0,0
"FIN",2014,0,0
"FIN",2015,0,0
"FIN",2016,0,0
"FIN",2017,0,0
"FIN",2018,0,0
"FIN",2019,0,0
"FJI",2000,0,0
"FJI",2001,0,0
"FJI",2002,0,0
"FJI",2003,0,0
"FJI",2004,0,0
"FJI",2005,0,0
"FJI",2006,0,0
"FJI",2007,0,0
"FJI",2008,0,0
"FJI",2009,0,0
"FJI",2010,0,0
"FJI",2011,0,0
"FJI",2012,0,0
"FJI",2013,0,0
"FJI",2014,0,0
"FJI",2015,0,0
"FJI",2016,0,0
"FJI",2017,0,0
"FJI",2018,0,0
"FJI",2019,0,0
"FRA",2000,0,0
"FRA",2001,0,0
"FRA",2002,0,0
"FRA",2003,0,0
"FRA",2004,0,0
"FRA",2005,0,0
"FRA",2006,0,0
"FRA",2007,0,0
"FRA",2008,2,0
"FRA",2009,0,0
"FRA",2010,0,0
"FRA",2011,0,0
"FRA",2012,0,0
"FRA",2013,4,0
"FRA",2014,0,0
"FRA",2015,0,0
"FRA",2016,133,1
"FRA",2017,87,1
"FRA",2018,2,0
"FRA",2019,13,0
"FSM",2000,0,0
"FSM",2001,0,0
"FSM",2002,0,0
"FSM",2003,0,0
"FSM",2004,0,0
"FSM",2005,0,0
"FSM",2006,0,0
"FSM",2007,0,0
"FSM",2008,0,0
"FSM",2009,0,0
"FSM",2010,0,0
"FSM",2011,0,0
"FSM",2012,0,0
"FSM",2013,0,0
"FSM",2014,0,0
"FSM",2015,0,0
"FSM",2016,0,0
"FSM",2017,0,0
"FSM",2018,0,0
"FSM",2019,0,0
"GAB",2000,0,0
"GAB",2001,0,0
"GAB",2002,0,0
"GAB",2003,0,0
"GAB",2004,0,0
"GAB",2005,0,0
"GAB",2006,0,0
"GAB",2007,0,0
"GAB",2008,0,0
"GAB",2009,0,0
"GAB",2010,0,0
"GAB",2011,0,0
"GAB",2012,0,0
"GAB",2013,0,0
"GAB",2014,0,0
"GAB",2015,0,0
"GAB",2016,0,0
"GAB",2017,0,0
"GAB",2018,0,0
"GAB",2019,0,0
"GBR",2000,0,0
"GBR",2001,1,0
"GBR",2002,1,0
"GBR",2003,3,0
"GBR",2004,1,0
"GBR",2005,1,0
"GBR",2006,53,1
"GBR",2007,0,0
"GBR",2008,0,0
"GBR",2009,0,0
"GBR",2010,2,0
"GBR",2011,0,0
"GBR",2012,1,0
"GBR",2013,0,0
"GBR",2014,0,0
"GBR",2015,0,0
"GBR",2016,0,0
"GBR",2017,0,0
"GBR",2018,0,0
"GBR",2019,0,0
"GEO",2000,0,0
"GEO",2001,0,0
"GEO",2002,0,0
"GEO",2003,0,0
"GEO",2004,0,0
"GEO",2005,27,1
"GEO",2006,0,0
"GEO",2007,0,0
"GEO",2008,0,0
"GEO",2009,621,1
"GEO",2010,0,0
"GEO",2011,3,0
"GEO",2012,0,0
"GEO",2013,0,0
"GEO",2014,0,0
"GEO",2015,0,0
"GEO",2016,0,0
"GEO",2017,0,0
"GEO",2018,0,0
"GEO",2019,0,0
"GHA",2000,0,0
"GHA",2001,30,1
"GHA",2002,50,1
"GHA",2003,36,1
"GHA",2004,0,0
"GHA",2005,0,0
"GHA",2006,0,0
"GHA",2007,0,0
"GHA",2008,0,0
"GHA",2009,55,1
"GHA",2010,8,0
"GHA",2011,1,0
"GHA",2012,0,0
"GHA",2013,0,0
"GHA",2014,0,0
"GHA",2015,0,0
"GHA",2016,0,0
"GHA",2017,0,0
"GHA",2018,0,0
"GHA",2019,0,0
"GIN",2000,13,0
"GIN",2001,256,1
"GIN",2002,430,1
"GIN",2003,0,0
"GIN",2004,0,0
"GIN",2005,0,0
"GIN",2006,3,0
"GIN",2007,15,0
"GIN",2008,45,1
"GIN",2009,0,0
"GIN",2010,160,1
"GIN",2011,1,0
"GIN",2012,25,1
"GIN",2013,9,0
"GIN",2014,98,1
"GIN",2015,0,0
"GIN",2016,3,0
"GIN",2017,0,0
"GIN",2018,0,0
"GIN",2019,0,0
"GMB",2000,0,0
"GMB",2001,0,0
"GMB",2002,0,0
"GMB",2003,0,0
"GMB",2004,0,0
"GMB",2005,1,0
"GMB",2006,8,0
"GMB",2007,0,0
"GMB",2008,0,0
"GMB",2009,0,0
"GMB",2010,0,0
"GMB",2011,0,0
"GMB",2012,0,0
"GMB",2013,1,0
"GMB",2014,0,0
"GMB",2015,0,0
"GMB",2016,0,0
"GMB",2017,0,0
"GMB",2018,0,0
"GMB",2019,0,0
"GNB",2000,199,1
"GNB",2001,0,0
"GNB",2002,0,0
"GNB",2003,0,0
"GNB",2004,0,0
"GNB",2005,0,0
"GNB",2006,0,0
"GNB",2007,0,0
"GNB",2008,0,0
"GNB",2009,0,0
"GNB",2010,0,0
"GNB",2011,0,0
"GNB",2012,0,0
"GNB",2013,0,0
"GNB",2014,0,0
"GNB",2015,0,0
"GNB",2016,0,0
"GNB",2017,0,0
"GNB",2018,0,0
"GNB",2019,0,0
"GNQ",2000,0,0
"GNQ",2001,0,0
"GNQ",2002,0,0
"GNQ",2003,0,0
"GNQ",2004,0,0
"GNQ",2005,0,0
"GNQ",2006,0,0
"GNQ",2007,0,0
"GNQ",2008,0,0
"GNQ",2009,0,0
"GNQ",2010,0,0
"GNQ",2011,0,0
"GNQ",2012,0,0
"GNQ",2013,0,0
"GNQ",2014,0,0
"GNQ",2015,0,0
"GNQ",2016,0,0
"GNQ",2017,0,0
"GNQ",2018,0,0
"GNQ",2019,0,0
"GRC",2000,0,0
"GRC",2001,0,0
"GRC",2002,0,0
"GRC",2003,0,0
"GRC",2004,0,0
"GRC",2005,0,0
"GRC",2006,0,0
"GRC",2007,0,0
"GRC",2008,0,0
"GRC",2009,0,0
"GRC",2010,0,0
"GRC",2011,0,0
"GRC",2012,0,0
"GRC",2013,0,0
"GRC",2014,0,0
"GRC",2015,0,0
"GRC",2016,0,0
"GRC",2017,0,0
"GRC",2018,0,0
"GRC",2019,0,0
"GRD",2000,0,0
"GRD",2001,0,0
"GRD",2002,0,0
"GRD",2003,0,0
"GRD",2004,0,0
"GRD",2005,0,0
"GRD",2006,0,0
"GRD",2007,0,0
"GRD",2008,0,0
"GRD",2009,0,0
"GRD",2010,0,0
"GRD",2011,0,0
"GRD",2012,0,0
"GRD",2013,0,0
"GRD",2014,0,0
"GRD",2015,0,0
"GRD",2016,0,0
"GRD",2017,0,0
"GRD",2018,0,0
"GRD",2019,0,0
"GTM",2000,0,0
"GTM",2001,0,0
"GTM",2002,5,0
"GTM",2003,2,0
"GTM",2004,0,0
"GTM",2005,1,0
"GTM",2006,58,1
"GTM",2007,0,0
"GTM",2008,5,0
"GTM",2009,41,1
"GTM",2010,1,0
"GTM",2011,0,0
"GTM",2012,27,1
"GTM",2013,0,0
"GTM",2014,0,0
"GTM",2015,0,0
"GTM",2016,20,0
"GTM",2017,0,0
"GTM",2018,0,0
"GTM",2019,0,0
"GUY",2000,0,0
"GUY",2001,0,0
"GUY",2002,0,0
"GUY",2003,0,0
"GUY",2004,0,0
"GUY",2005,0,0
"GUY",2006,0,0
"GUY",2007,0,0
"GUY",2008,0,0
"GUY",2009,29,1
"GUY",2010,0,0
"GUY",2011,0,0
"GUY",2012,0,0
"GUY",2013,0,0
"GUY",2014,0,0
"GUY",2015,0,0
"GUY",2016,0,0
"GUY",2017,0,0
"GUY",2018,0,0
"GUY",2019,0,0
"HND",2000,9,0
"HND",2001,6,0
"HND",2002,0,0
"HND",2003,1,0
"HND",2004,47,1
"HND",2005,30,1
"HND",2006,0,0
"HND",2007,0,0
"HND",2008,0,0
"HND",2009,18,0
"HND",2010,0,0
"HND",2011,58,1
"HND",2012,18,0
"HND",2013,18,0
"HND",2014,0,0
"HND",2015,21,0
"HND",2016,0,0
"HND",2017,10,0
"HND",2018,0,0
"HND",2019,0,0
"HRV",2000,0,0
"HRV",2001,0,0
"HRV",2002,0,0
"HRV",2003,0,0
"HRV",2004,0,0
"HRV",2005,0,0
"HRV",2006,0,0
"HRV",2007,0,0
"HRV",2008,0,0
"HRV",2009,0,0
"HRV",2010,0,0
"HRV",2011,0,0
"HRV",2012,0,0
"HRV",2013,0,0
"HRV",2014,0,0
"HRV",2015,0,0
"HRV",2016,0,0
"HRV",2017,0,0
"HRV",2018,0,0
"HRV",2019,0,0
"HTI",2000,11,0
"HTI",2001,0,0
"HTI",2002,0,0
"HTI",2003,0,0
"HTI",2004,0,0
"HTI",2005,231,1
"HTI",2006,40,1
"HTI",2007,0,0
"HTI",2008,0,0
"HTI",2009,0,0
"HTI",2010,0,0
"HTI",2011,0,0
"HTI",2012,0,0
"HTI",2013,0,0
"HTI",2014,0,0
"HTI",2015,0,0
"HTI",2016,0,0
"HTI",2017,0,0
"HTI",2018,8,0
"HTI",2019,71,1
"HUN",2000,0,0
"HUN",2001,0,0
"HUN",2002,0,0
"HUN",2003,0,0
"HUN",2004,0,0
"HUN",2005,0,0
"HUN",2006,0,0
"HUN",2007,0,0
"HUN",2008,0,0
"HUN",2009,0,0
"HUN",2010,0,0
"HUN",2011,0,0
"HUN",2012,0,0
"HUN",2013,0,0
"HUN",2014,0,0
"HUN",2015,0,0
"HUN",2016,0,0
"HUN",2017,0,0
"HUN",2018,0,0
"HUN",2019,0,0
"IDN",2000,1805,1
"IDN",2001,917,1
"IDN",2002,834,1
"IDN",2003,762,1
"IDN",2004,1068,1
"IDN",2005,1082,1
"IDN",2006,242,1
"IDN",2007,13,0
"IDN",2008,2,0
"IDN",2009,6,0
"IDN",2010,0,0
"IDN",2011,0,0
"IDN",2012,9,0
"IDN",2013,1,0
"IDN",2014,20,0
"IDN",2015,12,0
"IDN",2016,4,0
"IDN",2017,0,0
"IDN",2018,2,0
"IDN",2019,32,1
"IND",2000,2563,1
"IND",2001,4093,1
"IND",2002,1730,1
"IND",2003,3035,1
"IND",2004,2426,1
"IND",2005,1642,1
"IND",2006,2015,1
"IND",2007,2155,1
"IND",2008,1720,1
"IND",2009,1856,1
"IND",2010,1621,1
"IND",2011,1633,1
"IND",2012,798,1
"IND",2013,801,1
"IND",2014,702,1
"IND",2015,734,1
"IND",2016,622,1
"IND",2017,761,1
"IND",2018,847,1
"IND",2019,950,1
"IRL",2000,0,0
"IRL",2001,0,0
"IRL",2002,0,0
"IRL",2003,0,0
"IRL",2004,0,0
"IRL",2005,0,0
"IRL",2006,0,0
"IRL",2007,0,0
"IRL",2008,0,0
"IRL",2009,0,0
"IRL",2010,0,0
"IRL",2011,0,0
"IRL",2012,0,0
"IRL",2013,0,0
"IRL",2014,0,0
"IRL",2015,0,0
"IRL",2016,0,0
"IRL",2017,0,0
"IRL",2018,0,0
"IRL",2019,0,0
"IRN",2000,19,0
"IRN",2001,41,1
"IRN",2002,112,1
"IRN",2003,0,0
"IRN",2004,2,0
"IRN",2005,0,0
"IRN",2006,53,1
"IRN",2007,61,1
"IRN",2008,86,1
"IRN",2009,117,1
"IRN",2010,167,1
"IRN",2011,101,1
"IRN",2012,220,1
"IRN",2013,17,0
"IRN",2014,11,0
"IRN",2015,5,0
"IRN",2016,25,1
"IRN",2017,69,1
"IRN",2018,58,1
"IRN",2019,92,1
"IRQ",2000,308,1
"IRQ",2001,193,1
"IRQ",2002,56,1
"IRQ",2003,111,1
"IRQ",2004,8021,1
"IRQ",2005,4366,1
"IRQ",2006,3521,1
"IRQ",2007,4598,1
"IRQ",2008,4489,1
"IRQ",2009,2765,1
"IRQ",2010,1720,1
"IRQ",2011,1857,1
"IRQ",2012,1399,1
"IRQ",2013,1407,1
"IRQ",2014,4010,1
"IRQ",2015,16437,1
"IRQ",2016,11303,1
"IRQ",2017,12025,1
"IRQ",2018,11400,1
"IRQ",2019,1443,1
"ISL",2000,0,0
"ISL",2001,0,0
"ISL",2002,0,0
"ISL",2003,0,0
"ISL",2004,0,0
"ISL",2005,0,0
"ISL",2006,0,0
"ISL",2007,0,0
"ISL",2008,0,0
"ISL",2009,0,0
"ISL",2010,0,0
"ISL",2011,0,0
"ISL",2012,0,0
"ISL",2013,0,0
"ISL",2014,0,0
"ISL",2015,0,0
"ISL",2016,0,0
"ISL",2017,0,0
"ISL",2018,0,0
"ISL",2019,0,0
"ITA",2000,0,0
"ITA",2001,0,0
"ITA",2002,0,0
"ITA",2003,0,0
"ITA",2004,0,0
"ITA",2005,0,0
"ITA",2006,0,0
"ITA",2007,0,0
"ITA",2008,0,0
"ITA",2009,0,0
"ITA",2010,0,0
"ITA",2011,0,0
"ITA",2012,0,0
"ITA",2013,0,0
"ITA",2014,0,0
"ITA",2015,0,0
"ITA",2016,0,0
"ITA",2017,0,0
"ITA",2018,0,0
"ITA",2019,0,0
"JAM",2000,0,0
"JAM",2001,0,0
"JAM",2002,116,1
"JAM",2003,15,0
"JAM",2004,7,0
"JAM",2005,0,0
"JAM",2006,0,0
"JAM",2007,0,0
"JAM",2008,0,0
"JAM",2009,0,0
"JAM",2010,0,0
"JAM",2011,0,0
"JAM",2012,0,0
"JAM",2013,0,0
"JAM",2014,0,0
"JAM",2015,0,0
"JAM",2016,0,0
"JAM",2017,0,0
"JAM",2018,0,0
"JAM",2019,0,0
"JOR",2000,0,0
"JOR",2001,0,0
"JOR",2002,0,0
"JOR",2003,0,0
"JOR",2004,0,0
"JOR",2005,0,0
"JOR",2006,59,1
"JOR",2007,0,0
"JOR",2008,0,0
"JOR",2009,0,0
"JOR",2010,0,0
"JOR",2011,0,0
"JOR",2012,0,0
"JOR",2013,0,0
"JOR",2014,0,0
"JOR",2015,0,0
"JOR",2016,1,0
"JOR",2017,37,1
"JOR",2018,0,0
"JOR",2019,0,0
"JPN",2000,0,0
"JPN",2001,0,0
"JPN",2002,0,0
"JPN",2003,0,0
"JPN",2004,0,0
"JPN",2005,0,0
"JPN",2006,0,0
"JPN",2007,0,0
"JPN",2008,0,0
"JPN",2009,0,0
"JPN",2010,0,0
"JPN",2011,0,0
"JPN",2012,0,0
"JPN",2013,0,0
"JPN",2014,0,0
"JPN",2015,0,0
"JPN",2016,0,0
"JPN",2017,0,0
"JPN",2018,0,0
"JPN",2019,0,0
"KAZ",2000,0,0
"KAZ",2001,0,0
"KAZ",2002,0,0
"KAZ",2003,0,0
"KAZ",2004,0,0
"KAZ",2005,0,0
"KAZ",2006,0,0
"KAZ",2007,0,0
"KAZ",2008,0,0
"KAZ",2009,0,0
"KAZ",2010,0,0
"KAZ",2011,0,0
"KAZ",2012,0,0
"KAZ",2013,0,0
"KAZ",2014,0,0
"KAZ",2015,0,0
"KAZ",2016,0,0
"KAZ",2017,0,0
"KAZ",2018,0,0
"KAZ",2019,0,0
"KEN",2000,229,1
"KEN",2001,254,1
"KEN",2002,192,1
"KEN",2003,45,1
"KEN",2004,7,0
"KEN",2005,20,0
"KEN",2006,215,1
"KEN",2007,219,1
"KEN",2008,200,1
"KEN",2009,783,1
"KEN",2010,170,1
"KEN",2011,87,1
"KEN",2012,144,1
"KEN",2013,309,1
"KEN",2014,267,1
"KEN",2015,344,1
"KEN",2016,389,1
"KEN",2017,130,1
"KEN",2018,228,1
"KEN",2019,164,1
"KGZ",2000,14,0
"KGZ",2001,174,1
"KGZ",2002,0,0
"KGZ",2003,0,0
"KGZ",2004,0,0
"KGZ",2005,0,0
"KGZ",2006,0,0
"KGZ",2007,6,0
"KGZ",2008,0,0
"KGZ",2009,0,0
"KGZ",2010,0,0
"KGZ",2011,44,1
"KGZ",2012,0,0
"KGZ",2013,0,0
"KGZ",2014,0,0
"KGZ",2015,0,0
"KGZ",2016,1,0
"KGZ",2017,0,0
"KGZ",2018,0,0
"KGZ",2019,0,0
"KHM",2000,0,0
"KHM",2001,4,0
"KHM",2002,0,0
"KHM",2003,0,0
"KHM",2004,1,0
"KHM",2005,0,0
"KHM",2006,0,0
"KHM",2007,0,0
"KHM",2008,2,0
"KHM",2009,2,0
"KHM",2010,2,0
"KHM",2011,0,0
"KHM",2012,10,0
"KHM",2013,1,0
"KHM",2014,0,0
"KHM",2015,0,0
"KHM",2016,0,0
"KHM",2017,0,0
"KHM",2018,0,0
"KHM",2019,0,0
"KIR",2000,0,0
"KIR",2001,0,0
"KIR",2002,0,0
"KIR",2003,0,0
"KIR",2004,0,0
"KIR",2005,0,0
"KIR",2006,0,0
"KIR",2007,0,0
"KIR",2008,0,0
"KIR",2009,0,0
"KIR",2010,0,0
"KIR",2011,0,0
"KIR",2012,0,0
"KIR",2013,0,0
"KIR",2014,0,0
"KIR",2015,0,0
"KIR",2016,0,0
"KIR",2017,0,0
"KIR",2018,0,0
"KIR",2019,0,0
"KOR",2000,0,0
"KOR",2001,0,0
"KOR",2002,0,0
"KOR",2003,0,0
"KOR",2004,0,0
"KOR",2005,0,0
"KOR",2006,0,0
"KOR",2007,0,0
"KOR",2008,0,0
"KOR",2009,0,0
"KOR",2010,0,0
"KOR",2011,0,0
"KOR",2012,0,0
"KOR",2013,0,0
"KOR",2014,0,0
"KOR",2015,0,0
"KOR",2016,0,0
"KOR",2017,0,0
"KOR",2018,0,0
"KOR",2019,0,0
"KWT",2000,0,0
"KWT",2001,0,0
"KWT",2002,0,0
"KWT",2003,0,0
"KWT",2004,0,0
"KWT",2005,0,0
"KWT",2006,0,0
"KWT",2007,0,0
"KWT",2008,0,0
"KWT",2009,0,0
"KWT",2010,0,0
"KWT",2011,0,0
"KWT",2012,0,0
"KWT",2013,0,0
"KWT",2014,0,0
"KWT",2015,0,0
"KWT",2016,26,1
"KWT",2017,0,0
"KWT",2018,0,0
"KWT",2019,0,0
"LAO",2000,2,0
"LAO",2001,7,0
"LAO",2002,0,0
"LAO",2003,4,0
"LAO",2004,5,0
"LAO",2005,4,0
"LAO",2006,0,0
"LAO",2007,73,1
"LAO",2008,0,0
"LAO",2009,0,0
"LAO",2010,0,0
"LAO",2011,0,0
"LAO",2012,0,0
"LAO",2013,0,0
"LAO",2014,0,0
"LAO",2015,0,0
"LAO",2016,0,0
"LAO",2017,0,0
"LAO",2018,0,0
"LAO",2019,0,0
"LBN",2000,74,1
"LBN",2001,56,1
"LBN",2002,4,0
"LBN",2003,0,0
"LBN",2004,1,0
"LBN",2005,0,0
"LBN",2006,3,0
"LBN",2007,747,1
"LBN",2008,0,0
"LBN",2009,38,1
"LBN",2010,0,0
"LBN",2011,0,0
"LBN",2012,4,0
"LBN",2013,53,1
"LBN",2014,179,1
"LBN",2015,228,1
"LBN",2016,200,1
"LBN",2017,56,1
"LBN",2018,297,1
"LBN",2019,2,0
"LBR",2000,70,1
"LBR",2001,101,1
"LBR",2002,481,1
"LBR",2003,2259,1
"LBR",2004,3281,1
"LBR",2005,0,0
"LBR",2006,0,0
"LBR",2007,0,0
"LBR",2008,0,0
"LBR",2009,0,0
"LBR",2010,0,0
"LBR",2011,0,0
"LBR",2012,0,0
"LBR",2013,0,0
"LBR",2014,0,0
"LBR",2015,0,0
"LBR",2016,0,0
"LBR",2017,0,0
"LBR",2018,0,0
"LBR",2019,0,0
"LBY",2000,0,0
"LBY",2001,0,0
"LBY",2002,0,0
"LBY",2003,0,0
"LBY",2004,0,0
"LBY",2005,0,0
"LBY",2006,0,0
"LBY",2007,0,0
"LBY",2008,0,0
"LBY",2009,6,0
"LBY",2010,0,0
"LBY",2011,0,0
"LBY",2012,3914,1
"LBY",2013,378,1
"LBY",2014,36,1
"LBY",2015,1455,1
"LBY",2016,1594,1
"LBY",2017,2349,1
"LBY",2018,1096,1
"LBY",2019,670,1
"LCA",2000,0,0
"LCA",2001,0,0
"LCA",2002,0,0
"LCA",2003,0,0
"LCA",2004,0,0
"LCA",2005,0,0
"LCA",2006,0,0
"LCA",2007,0,0
"LCA",2008,0,0
"LCA",2009,0,0
"LCA",2010,0,0
"LCA",2011,0,0
"LCA",2012,0,0
"LCA",2013,0,0
"LCA",2014,0,0
"LCA",2015,0,0
"LCA",2016,0,0
"LCA",2017,0,0
"LCA",2018,0,0
"LCA",2019,0,0
"LKA",2000,1948,1
"LKA",2001,2569,1
"LKA",2002,1162,1
"LKA",2003,17,0
"LKA",2004,33,1
"LKA",2005,84,1
"LKA",2006,130,1
"LKA",2007,2173,1
"LKA",2008,2564,1
"LKA",2009,8453,1
"LKA",2010,10418,1
"LKA",2011,0,0
"LKA",2012,2,0
"LKA",2013,0,0
"LKA",2014,5,0
"LKA",2015,0,0
"LKA",2016,0,0
"LKA",2017,0,0
"LKA",2018,1,0
"LKA",2019,0,0
"LSO",2000,0,0
"LSO",2001,0,0
"LSO",2002,0,0
"LSO",2003,0,0
"LSO",2004,0,0
"LSO",2005,0,0
"LSO",2006,0,0
"LSO",2007,0,0
"LSO",2008,0,0
"LSO",2009,0,0
"LSO",2010,0,0
"LSO",2011,0,0
"LSO",2012,0,0
"LSO",2013,0,0
"LSO",2014,0,0
"LSO",2015,0,0
"LSO",2016,0,0
"LSO",2017,0,0
"LSO",2018,0,0
"LSO",2019,0,0
"LTU",2000,0,0
"LTU",2001,0,0
"LTU",2002,0,0
"LTU",2003,0,0
"LTU",2004,0,0
"LTU",2005,0,0
"LTU",2006,0,0
"LTU",2007,0,0
"LTU",2008,0,0
"LTU",2009,0,0
"LTU",2010,0,0
"LTU",2011,0,0
"LTU",2012,0,0
"LTU",2013,0,0
"LTU",2014,0,0
"LTU",2015,0,0
"LTU",2016,0,0
"LTU",2017,0,0
"LTU",2018,0,0
"LTU",2019,0,0
"LUX",2000,0,0
"LUX",2001,0,0
"LUX",2002,0,0
"LUX",2003,0,0
"LUX",2004,0,0
"LUX",2005,0,0
"LUX",2006,0,0
"LUX",2007,0,0
"LUX",2008,0,0
"LUX",2009,0,0
"LUX",2010,0,0
"LUX",2011,0,0
"LUX",2012,0,0
"LUX",2013,0,0
"LUX",2014,0,0
"LUX",2015,0,0
"LUX",2016,0,0
"LUX",2017,0,0
"LUX",2018,0,0
"LUX",2019,0,0
"LVA",2000,0,0
"LVA",2001,0,0
"LVA",2002,0,0
"LVA",2003,0,0
"LVA",2004,0,0
"LVA",2005,0,0
"LVA",2006,0,0
"LVA",2007,0,0
"LVA",2008,0,0
"LVA",2009,0,0
"LVA",2010,0,0
"LVA",2011,0,0
"LVA",2012,0,0
"LVA",2013,0,0
"LVA",2014,0,0
"LVA",2015,0,0
"LVA",2016,0,0
"LVA",2017,0,0
"LVA",2018,0,0
"LVA",2019,0,0
"MAR",2000,0,0
"MAR",2001,0,0
"MAR",2002,0,0
"MAR",2003,0,0
"MAR",2004,34,1
"MAR",2005,0,0
"MAR",2006,0,0
"MAR",2007,0,0
"MAR",2008,0,0
"MAR",2009,0,0
"MAR",2010,0,0
"MAR",2011,0,0
"MAR",2012,0,0
"MAR",2013,0,0
"MAR",2014,0,0
"MAR",2015,0,0
"MAR",2016,0,0
"MAR",2017,0,0
"MAR",2018,0,0
"MAR",2019,0,0
"MDA",2000,0,0
"MDA",2001,0,0
"MDA",2002,0,0
"MDA",2003,0,0
"MDA",2004,0,0
"MDA",2005,0,0
"MDA",2006,0,0
"MDA",2007,0,0
"MDA",2008,0,0
"MDA",2009,0,0
"MDA",2010,0,0
"MDA",2011,0,0
"MDA",2012,0,0
"MDA",2013,0,0
"MDA",2014,0,0
"MDA",2015,0,0
"MDA",2016,0,0
"MDA",2017,0,0
"MDA",2018,0,0
"MDA",2019,0,0
"MDG",2000,0,0
"MDG",2001,0,0
"MDG",2002,0,0
"MDG",2003,79,1
"MDG",2004,0,0
"MDG",2005,0,0
"MDG",2006,0,0
"MDG",2007,0,0
"MDG",2008,0,0
"MDG",2009,0,0
"MDG",2010,113,1
"MDG",2011,0,0
"MDG",2012,0,0
"MDG",2013,15,0
"MDG",2014,0,0
"MDG",2015,0,0
"MDG",2016,0,0
"MDG",2017,0,0
"MDG",2018,1,0
"MDG",2019,0,0
"MDV",2000,0,0
"MDV",2001,0,0
"MDV",2002,0,0
"MDV",2003,0,0
"MDV",2004,0,0
"MDV",2005,0,0
"MDV",2006,0,0
"MDV",2007,0,0
"MDV",2008,0,0
"MDV",2009,0,0
"MDV",2010,0,0
"MDV",2011,0,0
"MDV",2012,0,0
"MDV",2013,0,0
"MDV",2014,0,0
"MDV",2015,0,0
"MDV",2016,0,0
"MDV",2017,0,0
"MDV",2018,0,0
"MDV",2019,0,0
"MEX",2000,0,0
"MEX",2001,0,0
"MEX",2002,0,0
"MEX",2003,26,1
"MEX",2004,0,0
"MEX",2005,220,1
"MEX",2006,204,1
"MEX",2007,669,1
"MEX",2008,1943,1
"MEX",2009,2188,1
"MEX",2010,3598,1
"MEX",2011,3582,1
"MEX",2012,2893,1
"MEX",2013,1699,1
"MEX",2014,776,1
"MEX",2015,1646,1
"MEX",2016,1654,1
"MEX",2017,1320,1
"MEX",2018,1465,1
"MEX",2019,8803,1
"MHL",2000,0,0
"MHL",2001,0,0
"MHL",2002,0,0
"MHL",2003,0,0
"MHL",2004,0,0
"MHL",2005,0,0
"MHL",2006,0,0
"MHL",2007,0,0
"MHL",2008,0,0
"MHL",2009,0,0
"MHL",2010,0,0
"MHL",2011,0,0
"MHL",2012,0,0
"MHL",2013,0,0
"MHL",2014,0,0
"MHL",2015,0,0
"MHL",2016,0,0
"MHL",2017,0,0
"MHL",2018,0,0
"MHL",2019,0,0
"MKD",2000,6,0
"MKD",2001,3,0
"MKD",2002,72,1
"MKD",2003,0,0
"MKD",2004,0,0
"MKD",2005,0,0
"MKD",2006,0,0
"MKD",2007,0,0
"MKD",2008,0,0
"MKD",2009,0,0
"MKD",2010,0,0
"MKD",2011,0,0
"MKD",2012,0,0
"MKD",2013,0,0
"MKD",2014,0,0
"MKD",2015,0,0
"MKD",2016,0,0
"MKD",2017,0,0
"MKD",2018,0,0
"MKD",2019,0,0
"MLI",2000,59,1
"MLI",2001,0,0
"MLI",2002,0,0
"MLI",2003,5,0
"MLI",2004,0,0
"MLI",2005,20,0
"MLI",2006,12,0
"MLI",2007,0,0
"MLI",2008,39,1
"MLI",2009,113,1
"MLI",2010,127,1
"MLI",2011,28,1
"MLI",2012,23,0
"MLI",2013,359,1
"MLI",2014,881,1
"MLI",2015,291,1
"MLI",2016,256,1
"MLI",2017,182,1
"MLI",2018,605,1
"MLI",2019,1281,1
"MLT",2000,0,0
"MLT",2001,0,0
"MLT",2002,0,0
"MLT",2003,0,0
"MLT",2004,0,0
"MLT",2005,0,0
"MLT",2006,0,0
"MLT",2007,0,0
"MLT",2008,0,0
"MLT",2009,0,0
"MLT",2010,0,0
"MLT",2011,0,0
"MLT",2012,0,0
"MLT",2013,0,0
"MLT",2014,0,0
"MLT",2015,0,0
"MLT",2016,0,0
"MLT",2017,0,0
"MLT",2018,0,0
"MLT",2019,0,0
"MMR",2000,369,1
"MMR",2001,748,1
"MMR",2002,385,1
"MMR",2003,543,1
"MMR",2004,272,1
"MMR",2005,177,1
"MMR",2006,447,1
"MMR",2007,452,1
"MMR",2008,700,1
"MMR",2009,102,1
"MMR",2010,225,1
"MMR",2011,185,1
"MMR",2012,810,1
"MMR",2013,971,1
"MMR",2014,358,1
"MMR",2015,256,1
"MMR",2016,705,1
"MMR",2017,183,1
"MMR",2018,2395,1
"MMR",2019,122,1
"MNE",2000,0,0
"MNE",2001,0,0
"MNE",2002,0,0
"MNE",2003,0,0
"MNE",2004,0,0
"MNE",2005,0,0
"MNE",2006,0,0
"MNE",2007,0,0
"MNE",2008,0,0
"MNE",2009,0,0
"MNE",2010,0,0
"MNE",2011,0,0
"MNE",2012,0,0
"MNE",2013,0,0
"MNE",2014,0,0
"MNE",2015,0,0
"MNE",2016,0,0
"MNE",2017,0,0
"MNE",2018,0,0
"MNE",2019,0,0
"MNG",2000,0,0
"MNG",2001,0,0
"MNG",2002,0,0
"MNG",2003,0,0
"MNG",2004,0,0
"MNG",2005,0,0
"MNG",2006,0,0
"MNG",2007,0,0
"MNG",2008,0,0
"MNG",2009,0,0
"MNG",2010,0,0
"MNG",2011,0,0
"MNG",2012,0,0
"MNG",2013,0,0
"MNG",2014,0,0
"MNG",2015,0,0
"MNG",2016,0,0
"MNG",2017,0,0
"MNG",2018,0,0
"MNG",2019,0,0
"MOZ",2000,0,0
"MOZ",2001,0,0
"MOZ",2002,0,0
"MOZ",2003,0,0
"MOZ",2004,0,0
"MOZ",2005,1,0
"MOZ",2006,13,0
"MOZ",2007,0,0
"MOZ",2008,0,0
"MOZ",2009,0,0
"MOZ",2010,0,0
"MOZ",2011,7,0
"MOZ",2012,0,0
"MOZ",2013,2,0
"MOZ",2014,45,1
"MOZ",2015,30,1
"MOZ",2016,3,0
"MOZ",2017,68,1
"MOZ",2018,3,0
"MOZ",2019,173,1
"MRT",2000,0,0
"MRT",2001,0,0
"MRT",2002,0,0
"MRT",2003,0,0
"MRT",2004,0,0
"MRT",2005,0,0
"MRT",2006,0,0
"MRT",2007,0,0
"MRT",2008,4,0
"MRT",2009,12,0
"MRT",2010,1,0
"MRT",2011,1,0
"MRT",2012,13,0
"MRT",2013,1,0
"MRT",2014,0,0
"MRT",2015,0,0
"MRT",2016,0,0
"MRT",2017,0,0
"MRT",2018,0,0
"MRT",2019,0,0
"MUS",2000,0,0
"MUS",2001,0,0
"MUS",2002,0,0
"MUS",2003,0,0
"MUS",2004,0,0
"MUS",2005,0,0
"MUS",2006,0,0
"MUS",2007,0,0
"MUS",2008,0,0
"MUS",2009,0,0
"MUS",2010,0,0
"MUS",2011,0,0
"MUS",2012,0,0
"MUS",2013,0,0
"MUS",2014,0,0
"MUS",2015,0,0
"MUS",2016,0,0
"MUS",2017,0,0
"MUS",2018,0,0
"MUS",2019,0,0
"MWI",2000,0,0
"MWI",2001,0,0
"MWI",2002,0,0
"MWI",2003,0,0
"MWI",2004,0,0
"MWI",2005,0,0
"MWI",2006,0,0
"MWI",2007,0,0
"MWI",2008,0,0
"MWI",2009,0,0
"MWI",2010,0,0
"MWI",2011,0,0
"MWI",2012,0,0
"MWI",2013,0,0
"MWI",2014,0,0
"MWI",2015,0,0
"MWI",2016,0,0
"MWI",2017,0,0
"MWI",2018,0,0
"MWI",2019,0,0
"MYS",2000,0,0
"MYS",2001,0,0
"MYS",2002,0,0
"MYS",2003,0,0
"MYS",2004,0,0
"MYS",2005,0,0
"MYS",2006,0,0
"MYS",2007,0,0
"MYS",2008,0,0
"MYS",2009,0,0
"MYS",2010,0,0
"MYS",2011,0,0
"MYS",2012,0,0
"MYS",2013,0,0
"MYS",2014,70,1
"MYS",2015,0,0
"MYS",2016,0,0
"MYS",2017,0,0
"MYS",2018,1,0
"MYS",2019,0,0
"NAM",2000,1,0
"NAM",2001,66,1
"NAM",2002,0,0
"NAM",2003,5,0
"NAM",2004,0,0
"NAM",2005,0,0
"NAM",2006,0,0
"NAM",2007,0,0
"NAM",2008,0,0
"NAM",2009,0,0
"NAM",2010,0,0
"NAM",2011,0,0
"NAM",2012,0,0
"NAM",2013,0,0
"NAM",2014,0,0
"NAM",2015,0,0
"NAM",2016,0,0
"NAM",2017,0,0
"NAM",2018,0,0
"NAM",2019,0,0
"NER",2000,0,0
"NER",2001,0,0
"NER",2002,0,0
"NER",2003,0,0
"NER",2004,0,0
"NER",2005,4,0
"NER",2006,0,0
"NER",2007,0,0
"NER",2008,98,1
"NER",2009,56,1
"NER",2010,0,0
"NER",2011,0,0
"NER",2012,0,0
"NER",2013,1,0
"NER",2014,31,1
"NER",2015,5,0
"NER",2016,533,1
"NER",2017,299,1
"NER",2018,255,1
"NER",2019,181,1
"NGA",2000,3519,1
"NGA",2001,2104,1
"NGA",2002,2417,1
"NGA",2003,612,1
"NGA",2004,443,1
"NGA",2005,2118,1
"NGA",2006,216,1
"NGA",2007,225,1
"NGA",2008,153,1
"NGA",2009,425,1
"NGA",2010,530,1
"NGA",2011,980,1
"NGA",2012,1830,1
"NGA",2013,2016,1
"NGA",2014,3382,1
"NGA",2015,10338,1
"NGA",2016,9107,1
"NGA",2017,3902,1
"NGA",2018,3572,1
"NGA",2019,3225,1
"NIC",2000,0,0
"NIC",2001,0,0
"NIC",2002,0,0
"NIC",2003,0,0
"NIC",2004,0,0
"NIC",2005,0,0
"NIC",2006,0,0
"NIC",2007,0,0
"NIC",2008,0,0
"NIC",2009,0,0
"NIC",2010,0,0
"NIC",2011,0,0
"NIC",2012,0,0
"NIC",2013,0,0
"NIC",2014,0,0
"NIC",2015,0,0
"NIC",2016,0,0
"NIC",2017,0,0
"NIC",2018,0,0
"NIC",2019,0,0
"NLD",2000,0,0
"NLD",2001,0,0
"NLD",2002,0,0
"NLD",2003,0,0
"NLD",2004,0,0
"NLD",2005,0,0
"NLD",2006,0,0
"NLD",2007,0,0
"NLD",2008,0,0
"NLD",2009,0,0
"NLD",2010,0,0
"NLD",2011,0,0
"NLD",2012,0,0
"NLD",2013,0,0
"NLD",2014,0,0
"NLD",2015,0,0
"NLD",2016,0,0
"NLD",2017,0,0
"NLD",2018,0,0
"NLD",2019,0,0
"NOR",2000,0,0
"NOR",2001,0,0
"NOR",2002,0,0
"NOR",2003,0,0
"NOR",2004,0,0
"NOR",2005,0,0
"NOR",2006,0,0
"NOR",2007,0,0
"NOR",2008,0,0
"NOR",2009,0,0
"NOR",2010,0,0
"NOR",2011,0,0
"NOR",2012,0,0
"NOR",2013,0,0
"NOR",2014,0,0
"NOR",2015,0,0
"NOR",2016,0,0
"NOR",2017,0,0
"NOR",2018,0,0
"NOR",2019,0,0
"NPL",2000,295,1
"NPL",2001,365,1
"NPL",2002,569,1
"NPL",2003,4432,1
"NPL",2004,1732,1
"NPL",2005,2456,1
"NPL",2006,1399,1
"NPL",2007,566,1
"NPL",2008,31,1
"NPL",2009,0,0
"NPL",2010,9,0
"NPL",2011,0,0
"NPL",2012,0,0
"NPL",2013,0,0
"NPL",2014,0,0
"NPL",2015,0,0
"NPL",2016,0,0
"NPL",2017,0,0
"NPL",2018,0,0
"NPL",2019,0,0
"NZL",2000,0,0
"NZL",2001,0,0
"NZL",2002,0,0
"NZL",2003,0,0
"NZL",2004,0,0
"NZL",2005,0,0
"NZL",2006,0,0
"NZL",2007,0,0
"NZL",2008,0,0
"NZL",2009,0,0
"NZL",2010,0,0
"NZL",2011,0,0
"NZL",2012,0,0
"NZL",2013,0,0
"NZL",2014,0,0
"NZL",2015,0,0
"NZL",2016,0,0
"NZL",2017,0,0
"NZL",2018,0,0
"NZL",2019,0,0
"OMN",2000,0,0
"OMN",2001,0,0
"OMN",2002,0,0
"OMN",2003,0,0
"OMN",2004,0,0
"OMN",2005,0,0
"OMN",2006,0,0
"OMN",2007,0,0
"OMN",2008,0,0
"OMN",2009,0,0
"OMN",2010,0,0
"OMN",2011,0,0
"OMN",2012,0,0
"OMN",2013,0,0
"OMN",2014,0,0
"OMN",2015,0,0
"OMN",2016,0,0
"OMN",2017,0,0
"OMN",2018,0,0
"OMN",2019,0,0
"PAK",2000,57,1
"PAK",2001,59,1
"PAK",2002,42,1
"PAK",2003,170,1
"PAK",2004,242,1
"PAK",2005,430,1
"PAK",2006,153,1
"PAK",2007,427,1
"PAK",2008,1366,1
"PAK",2009,4620,1
"PAK",2010,7460,1
"PAK",2011,7226,1
"PAK",2012,3475,1
"PAK",2013,3541,1
"PAK",2014,2914,1
"PAK",2015,3620,1
"PAK",2016,2450,1
"PAK",2017,1100,1
"PAK",2018,954,1
"PAK",2019,483,1
"PAN",2000,0,0
"PAN",2001,0,0
"PAN",2002,0,0
"PAN",2003,0,0
"PAN",2004,0,0
"PAN",2005,0,0
"PAN",2006,0,0
"PAN",2007,0,0
"PAN",2008,0,0
"PAN",2009,0,0
"PAN",2010,0,0
"PAN",2011,0,0
"PAN",2012,0,0
"PAN",2013,0,0
"PAN",2014,0,0
"PAN",2015,0,0
"PAN",2016,0,0
"PAN",2017,0,0
"PAN",2018,0,0
"PAN",2019,0,0
"PER",2000,89,1
"PER",2001,5,0
"PER",2002,21,0
"PER",2003,13,0
"PER",2004,13,0
"PER",2005,3,0
"PER",2006,0,0
"PER",2007,11,0
"PER",2008,32,1
"PER",2009,40,1
"PER",2010,54,1
"PER",2011,29,1
"PER",2012,15,0
"PER",2013,0,0
"PER",2014,3,0
"PER",2015,14,0
"PER",2016,9,0
"PER",2017,11,0
"PER",2018,7,0
"PER",2019,0,0
"PHL",2000,219,1
"PHL",2001,1761,1
"PHL",2002,792,1
"PHL",2003,763,1
"PHL",2004,1132,1
"PHL",2005,470,1
"PHL",2006,487,1
"PHL",2007,434,1
"PHL",2008,483,1
"PHL",2009,566,1
"PHL",2010,1047,1
"PHL",2011,372,1
"PHL",2012,414,1
"PHL",2013,311,1
"PHL",2014,537,1
"PHL",2015,484,1
"PHL",2016,628,1
"PHL",2017,616,1
"PHL",2018,1708,1
"PHL",2019,436,1
"PNG",2000,60,1
"PNG",2001,13,0
"PNG",2002,65,1
"PNG",2003,7,0
"PNG",2004,0,0
"PNG",2005,0,0
"PNG",2006,0,0
"PNG",2007,0,0
"PNG",2008,0,0
"PNG",2009,0,0
"PNG",2010,0,0
"PNG",2011,0,0
"PNG",2012,0,0
"PNG",2013,57,1
"PNG",2014,0,0
"PNG",2015,0,0
"PNG",2016,0,0
"PNG",2017,0,0
"PNG",2018,0,0
"PNG",2019,0,0
"POL",2000,0,0
"POL",2001,0,0
"POL",2002,0,0
"POL",2003,0,0
"POL",2004,0,0
"POL",2005,0,0
"POL",2006,0,0
"POL",2007,0,0
"POL",2008,0,0
"POL",2009,0,0
"POL",2010,0,0
"POL",2011,0,0
"POL",2012,0,0
"POL",2013,0,0
"POL",2014,0,0
"POL",2015,0,0
"POL",2016,0,0
"POL",2017,0,0
"POL",2018,0,0
"POL",2019,0,0
"PRI",2000,0,0
"PRI",2001,0,0
"PRI",2002,0,0
"PRI",2003,0,0
"PRI",2004,0,0
"PRI",2005,0,0
"PRI",2006,0,0
"PRI",2007,0,0
"PRI",2008,0,0
"PRI",2009,0,0
"PRI",2010,0,0
"PRI",2011,0,0
"PRI",2012,0,0
"PRI",2013,0,0
"PRI",2014,0,0
"PRI",2015,0,0
"PRI",2016,0,0
"PRI",2017,0,0
"PRI",2018,0,0
"PRI",2019,0,0
"PRK",2000,0,0
"PRK",2001,0,0
"PRK",2002,0,0
"PRK",2003,0,0
"PRK",2004,0,0
"PRK",2005,0,0
"PRK",2006,0,0
"PRK",2007,0,0
"PRK",2008,0,0
"PRK",2009,0,0
"PRK",2010,0,0
"PRK",2011,0,0
"PRK",2012,0,0
"PRK",2013,0,0
"PRK",2014,0,0
"PRK",2015,0,0
"PRK",2016,0,0
"PRK",2017,0,0
"PRK",2018,0,0
"PRK",2019,0,0
"PRT",2000,0,0
"PRT",2001,0,0
"PRT",2002,0,0
"PRT",2003,0,0
"PRT",2004,0,0
"PRT",2005,0,0
"PRT",2006,0,0
"PRT",2007,0,0
"PRT",2008,0,0
"PRT",2009,0,0
"PRT",2010,0,0
"PRT",2011,0,0
"PRT",2012,0,0
"PRT",2013,0,0
"PRT",2014,0,0
"PRT",2015,0,0
"PRT",2016,0,0
"PRT",2017,0,0
"PRT",2018,0,0
"PRT",2019,0,0
"PRY",2000,0,0
"PRY",2001,0,0
"PRY",2002,0,0
"PRY",2003,0,0
"PRY",2004,0,0
"PRY",2005,0,0
"PRY",2006,0,0
"PRY",2007,0,0
"PRY",2008,0,0
"PRY",2009,0,0
"PRY",2010,0,0
"PRY",2011,0,0
"PRY",2012,0,0
"PRY",2013,0,0
"PRY",2014,0,0
"PRY",2015,0,0
"PRY",2016,0,0
"PRY",2017,0,0
"PRY",2018,0,0
"PRY",2019,0,0
"QAT",2000,0,0
"QAT",2001,0,0
"QAT",2002,0,0
"QAT",2003,0,0
"QAT",2004,0,0
"QAT",2005,0,0
"QAT",2006,0,0
"QAT",2007,0,0
"QAT",2008,0,0
"QAT",2009,0,0
"QAT",2010,0,0
"QAT",2011,0,0
"QAT",2012,0,0
"QAT",2013,0,0
"QAT",2014,0,0
"QAT",2015,0,0
"QAT",2016,0,0
"QAT",2017,0,0
"QAT",2018,0,0
"QAT",2019,0,0
"ROU",2000,0,0
"ROU",2001,0,0
"ROU",2002,0,0
"ROU",2003,0,0
"ROU",2004,0,0
"ROU",2005,0,0
"ROU",2006,0,0
"ROU",2007,0,0
"ROU",2008,0,0
"ROU",2009,0,0
"ROU",2010,0,0
"ROU",2011,0,0
"ROU",2012,0,0
"ROU",2013,0,0
"ROU",2014,0,0
"ROU",2015,0,0
"ROU",2016,0,0
"ROU",2017,0,0
"ROU",2018,0,0
"ROU",2019,0,0
"RUS",2000,6197,1
"RUS",2001,4333,1
"RUS",2002,992,1
"RUS",2003,1509,1
"RUS",2004,539,1
"RUS",2005,1317,1
"RUS",2006,688,1
"RUS",2007,260,1
"RUS",2008,182,1
"RUS",2009,410,1
"RUS",2010,697,1
"RUS",2011,481,1
"RUS",2012,396,1
"RUS",2013,525,1
"RUS",2014,365,1
"RUS",2015,176,1
"RUS",2016,86,1
"RUS",2017,78,1
"RUS",2018,53,1
"RUS",2019,38,1
"RWA",2000,29,1
"RWA",2001,0,0
"RWA",2002,2044,1
"RWA",2003,0,0
"RWA",2004,0,0
"RWA",2005,16,0
"RWA",2006,0,0
"RWA",2007,0,0
"RWA",2008,0,0
"RWA",2009,0,0
"RWA",2010,2,0
"RWA",2011,0,0
"RWA",2012,0,0
"RWA",2013,13,0
"RWA",2014,4,0
"RWA",2015,0,0
"RWA",2016,0,0
"RWA",2017,27,1
"RWA",2018,10,0
"RWA",2019,6,0
"SAU",2000,0,0
"SAU",2001,0,0
"SAU",2002,0,0
"SAU",2003,0,0
"SAU",2004,26,1
"SAU",2005,91,1
"SAU",2006,31,1
"SAU",2007,11,0
"SAU",2008,2,0
"SAU",2009,0,0
"SAU",2010,0,0
"SAU",2011,0,0
"SAU",2012,0,0
"SAU",2013,0,0
"SAU",2014,0,0
"SAU",2015,0,0
"SAU",2016,110,1
"SAU",2017,125,1
"SAU",2018,45,1
"SAU",2019,11,0
"SDN",2000,2067,1
"SDN",2001,3537,1
"SDN",2002,3719,1
"SDN",2003,3227,1
"SDN",2004,5010,1
"SDN",2005,9714,1
"SDN",2006,1505,1
"SDN",2007,2187,1
"SDN",2008,1180,1
"SDN",2009,1241,1
"SDN",2010,2689,1
"SDN",2011,1790,1
"SDN",2012,2567,1
"SDN",2013,1525,1
"SDN",2014,1959,1
"SDN",2015,1912,1
"SDN",2016,2552,1
"SDN",2017,1994,1
"SDN",2018,548,1
"SDN",2019,432,1
"SEN",2000,31,1
"SEN",2001,56,1
"SEN",2002,47,1
"SEN",2003,45,1
"SEN",2004,39,1
"SEN",2005,3,0
"SEN",2006,46,1
"SEN",2007,126,1
"SEN",2008,0,0
"SEN",2009,11,0
"SEN",2010,19,0
"SEN",2011,19,0
"SEN",2012,37,1
"SEN",2013,23,0
"SEN",2014,8,0
"SEN",2015,0,0
"SEN",2016,0,0
"SEN",2017,0,0
"SEN",2018,0,0
"SEN",2019,1,0
"SGP",2000,0,0
"SGP",2001,0,0
"SGP",2002,0,0
"SGP",2003,0,0
"SGP",2004,0,0
"SGP",2005,0,0
"SGP",2006,0,0
"SGP",2007,0,0
"SGP",2008,0,0
"SGP",2009,0,0
"SGP",2010,0,0
"SGP",2011,0,0
"SGP",2012,0,0
"SGP",2013,0,0
"SGP",2014,0,0
"SGP",2015,0,0
"SGP",2016,0,0
"SGP",2017,0,0
"SGP",2018,0,0
"SGP",2019,0,0
"SLB",2000,0,0
"SLB",2001,0,0
"SLB",2002,0,0
"SLB",2003,0,0
"SLB",2004,0,0
"SLB",2005,0,0
"SLB",2006,0,0
"SLB",2007,0,0
"SLB",2008,0,0
"SLB",2009,0,0
"SLB",2010,0,0
"SLB",2011,0,0
"SLB",2012,0,0
"SLB",2013,0,0
"SLB",2014,0,0
"SLB",2015,0,0
"SLB",2016,0,0
"SLB",2017,0,0
"SLB",2018,0,0
"SLB",2019,0,0
"SLE",2000,4493,1
"SLE",2001,856,1
"SLE",2002,73,1
"SLE",2003,1,0
"SLE",2004,0,0
"SLE",2005,0,0
"SLE",2006,0,0
"SLE",2007,0,0
"SLE",2008,0,0
"SLE",2009,0,0
"SLE",2010,0,0
"SLE",2011,0,0
"SLE",2012,0,0
"SLE",2013,0,0
"SLE",2014,0,0
"SLE",2015,0,0
"SLE",2016,0,0
"SLE",2017,0,0
"SLE",2018,0,0
"SLE",2019,0,0
"SLV",2000,0,0
"SLV",2001,0,0
"SLV",2002,0,0
"SLV",2003,0,0
"SLV",2004,0,0
"SLV",2005,0,0
"SLV",2006,0,0
"SLV",2007,0,0
"SLV",2008,0,0
"SLV",2009,0,0
"SLV",2010,0,0
"SLV",2011,0,0
"SLV",2012,0,0
"SLV",2013,0,0
"SLV",2014,0,0
"SLV",2015,0,0
"SLV",2016,0,0
"SLV",2017,0,0
"SLV",2018,0,0
"SLV",2019,0,0
"SOM",2000,542,1
"SOM",2001,185,1
"SOM",2002,483,1
"SOM",2003,638,1
"SOM",2004,405,1
"SOM",2005,670,1
"SOM",2006,340,1
"SOM",2007,1204,1
"SOM",2008,1620,1
"SOM",2009,1751,1
"SOM",2010,2204,1
"SOM",2011,2722,1
"SOM",2012,2118,1
"SOM",2013,2989,1
"SOM",2014,1045,1
"SOM",2015,1247,1
"SOM",2016,1250,1
"SOM",2017,2065,1
"SOM",2018,2071,1
"SOM",2019,2500,1
"SRB",2000,2173,1
"SRB",2001,0,0
"SRB",2002,0,0
"SRB",2003,0,0
"SRB",2004,0,0
"SRB",2005,0,0
"SRB",2006,0,0
"SRB",2007,0,0
"SRB",2008,0,0
"SRB",2009,0,0
"SRB",2010,0,0
"SRB",2011,0,0
"SRB",2012,0,0
"SRB",2013,0,0
"SRB",2014,0,0
"SRB",2015,0,0
"SRB",2016,0,0
"SRB",2017,0,0
"SRB",2018,0,0
"SRB",2019,0,0
"SSD",2000,0,0
"SSD",2001,0,0
"SSD",2002,0,0
"SSD",2003,0,0
"SSD",2004,0,0
"SSD",2005,0,0
"SSD",2006,0,0
"SSD",2007,0,0
"SSD",2008,0,0
"SSD",2009,0,0
"SSD",2010,0,0
"SSD",2011,0,0
"SSD",2012,1194,1
"SSD",2013,864,1
"SSD",2014,1827,1
"SSD",2015,2491,1
"SSD",2016,1137,1
"SSD",2017,1303,1
"SSD",2018,1271,1
"SSD",2019,1217,1
"STP",2000,0,0
"STP",2001,0,0
"STP",2002,0,0
"STP",2003,0,0
"STP",2004,0,0
"STP",2005,0,0
"STP",2006,0,0
"STP",2007,0,0
"STP",2008,0,0
"STP",2009,0,0
"STP",2010,0,0
"STP",2011,0,0
"STP",2012,0,0
"STP",2013,0,0
"STP",2014,0,0
"STP",2015,0,0
"STP",2016,0,0
"STP",2017,0,0
"STP",2018,0,0
"STP",2019,0,0
"SUR",2000,0,0
"SUR",2001,0,0
"SUR",2002,0,0
"SUR",2003,0,0
"SUR",2004,0,0
"SUR",2005,0,0
"SUR",2006,0,0
"SUR",2007,0,0
"SUR",2008,0,0
"SUR",2009,0,0
"SUR",2010,0,0
"SUR",2011,0,0
"SUR",2012,0,0
"SUR",2013,0,0
"SUR",2014,0,0
"SUR",2015,0,0
"SUR",2016,0,0
"SUR",2017,0,0
"SUR",2018,0,0
"SUR",2019,0,0
"SVK",2000,0,0
"SVK",2001,0,0
"SVK",2002,0,0
"SVK",2003,0,0
"SVK",2004,0,0
"SVK",2005,0,0
"SVK",2006,0,0
"SVK",2007,0,0
"SVK",2008,0,0
"SVK",2009,0,0
"SVK",2010,0,0
"SVK",2011,0,0
"SVK",2012,0,0
"SVK",2013,0,0
"SVK",2014,0,0
"SVK",2015,0,0
"SVK",2016,0,0
"SVK",2017,0,0
"SVK",2018,0,0
"SVK",2019,0,0
"SVN",2000,0,0
"SVN",2001,0,0
"SVN",2002,0,0
"SVN",2003,0,0
"SVN",2004,0,0
"SVN",2005,0,0
"SVN",2006,0,0
"SVN",2007,0,0
"SVN",2008,0,0
"SVN",2009,0,0
"SVN",2010,0,0
"SVN",2011,0,0
"SVN",2012,0,0
"SVN",2013,0,0
"SVN",2014,0,0
"SVN",2015,0,0
"SVN",2016,0,0
"SVN",2017,0,0
"SVN",2018,0,0
"SVN",2019,0,0
"SWE",2000,0,0
"SWE",2001,0,0
"SWE",2002,0,0
"SWE",2003,0,0
"SWE",2004,0,0
"SWE",2005,0,0
"SWE",2006,0,0
"SWE",2007,0,0
"SWE",2008,0,0
"SWE",2009,0,0
"SWE",2010,0,0
"SWE",2011,0,0
"SWE",2012,0,0
"SWE",2013,0,0
"SWE",2014,0,0
"SWE",2015,0,0
"SWE",2016,0,0
"SWE",2017,0,0
"SWE",2018,5,0
"SWE",2019,0,0
"SWZ",2000,0,0
"SWZ",2001,0,0
"SWZ",2002,0,0
"SWZ",2003,0,0
"SWZ",2004,0,0
"SWZ",2005,0,0
"SWZ",2006,0,0
"SWZ",2007,0,0
"SWZ",2008,0,0
"SWZ",2009,0,0
"SWZ",2010,0,0
"SWZ",2011,0,0
"SWZ",2012,0,0
"SWZ",2013,0,0
"SWZ",2014,0,0
"SWZ",2015,0,0
"SWZ",2016,0,0
"SWZ",2017,0,0
"SWZ",2018,0,0
"SWZ",2019,0,0
"SYC",2000,0,0
"SYC",2001,0,0
"SYC",2002,0,0
"SYC",2003,0,0
"SYC",2004,0,0
"SYC",2005,0,0
"SYC",2006,0,0
"SYC",2007,0,0
"SYC",2008,0,0
"SYC",2009,0,0
"SYC",2010,0,0
"SYC",2011,0,0
"SYC",2012,0,0
"SYC",2013,0,0
"SYC",2014,0,0
"SYC",2015,0,0
"SYC",2016,0,0
"SYC",2017,0,0
"SYC",2018,0,0
"SYC",2019,0,0
"SYR",2000,0,0
"SYR",2001,0,0
"SYR",2002,0,0
"SYR",2003,0,0
"SYR",2004,0,0
"SYR",2005,8,0
"SYR",2006,0,0
"SYR",2007,0,0
"SYR",2008,0,0
"SYR",2009,1,0
"SYR",2010,0,0
"SYR",2011,0,0
"SYR",2012,4347,1
"SYR",2013,53695,1
"SYR",2014,76490,1
"SYR",2015,78644,1
"SYR",2016,59582,1
"SYR",2017,53863,1
"SYR",2018,38534,1
"SYR",2019,21727,1
"TCD",2000,394,1
"TCD",2001,1070,1
"TCD",2002,230,1
"TCD",2003,297,1
"TCD",2004,37,1
"TCD",2005,78,1
"TCD",2006,267,1
"TCD",2007,1956,1
"TCD",2008,431,1
"TCD",2009,994,1
"TCD",2010,135,1
"TCD",2011,4,0
"TCD",2012,0,0
"TCD",2013,0,0
"TCD",2014,0,0
"TCD",2015,16,0
"TCD",2016,397,1
"TCD",2017,26,1
"TCD",2018,91,1
"TCD",2019,168,1
"TGO",2000,0,0
"TGO",2001,0,0
"TGO",2002,0,0
"TGO",2003,0,0
"TGO",2004,0,0
"TGO",2005,0,0
"TGO",2006,436,1
"TGO",2007,0,0
"TGO",2008,0,0
"TGO",2009,0,0
"TGO",2010,0,0
"TGO",2011,0,0
"TGO",2012,0,0
"TGO",2013,0,0
"TGO",2014,0,0
"TGO",2015,0,0
"TGO",2016,0,0
"TGO",2017,0,0
"TGO",2018,0,0
"TGO",2019,0,0
"THA",2000,1,0
"THA",2001,8,0
"THA",2002,25,1
"THA",2003,23,0
"THA",2004,26,1
"THA",2005,310,1
"THA",2006,494,1
"THA",2007,541,1
"THA",2008,518,1
"THA",2009,328,1
"THA",2010,258,1
"THA",2011,218,1
"THA",2012,277,1
"THA",2013,244,1
"THA",2014,249,1
"THA",2015,100,1
"THA",2016,84,1
"THA",2017,69,1
"THA",2018,50,1
"THA",2019,61,1
"TJK",2000,4,0
"TJK",2001,46,1
"TJK",2002,0,0
"TJK",2003,0,0
"TJK",2004,0,0
"TJK",2005,0,0
"TJK",2006,1,0
"TJK",2007,8,0
"TJK",2008,0,0
"TJK",2009,0,0
"TJK",2010,17,0
"TJK",2011,98,1
"TJK",2012,28,1
"TJK",2013,0,0
"TJK",2014,3,0
"TJK",2015,3,0
"TJK",2016,0,0
"TJK",2017,0,0
"TJK",2018,0,0
"TJK",2019,4,0
"TKM",2000,0,0
"TKM",2001,0,0
"TKM",2002,0,0
"TKM",2003,0,0
"TKM",2004,0,0
"TKM",2005,0,0
"TKM",2006,0,0
"TKM",2007,0,0
"TKM",2008,0,0
"TKM",2009,0,0
"TKM",2010,0,0
"TKM",2011,0,0
"TKM",2012,0,0
"TKM",2013,0,0
"TKM",2014,0,0
"TKM",2015,0,0
"TKM",2016,0,0
"TKM",2017,0,0
"TKM",2018,0,0
"TKM",2019,0,0
"TLS",2000,0,0
"TLS",2001,0,0
"TLS",2002,0,0
"TLS",2003,0,0
"TLS",2004,0,0
"TLS",2005,0,0
"TLS",2006,0,0
"TLS",2007,0,0
"TLS",2008,0,0
"TLS",2009,0,0
"TLS",2010,0,0
"TLS",2011,0,0
"TLS",2012,0,0
"TLS",2013,0,0
"TLS",2014,0,0
"TLS",2015,0,0
"TLS",2016,0,0
"TLS",2017,0,0
"TLS",2018,0,0
"TLS",2019,0,0
"TON",2000,0,0
"TON",2001,0,0
"TON",2002,0,0
"TON",2003,0,0
"TON",2004,0,0
"TON",2005,0,0
"TON",2006,0,0
"TON",2007,0,0
"TON",2008,0,0
"TON",2009,0,0
"TON",2010,0,0
"TON",2011,0,0
"TON",2012,0,0
"TON",2013,0,0
"TON",2014,0,0
"TON",2015,0,0
"TON",2016,0,0
"TON",2017,0,0
"TON",2018,0,0
"TON",2019,0,0
"TTO",2000,0,0
"TTO",2001,0,0
"TTO",2002,0,0
"TTO",2003,0,0
"TTO",2004,0,0
"TTO",2005,0,0
"TTO",2006,0,0
"TTO",2007,0,0
"TTO",2008,0,0
"TTO",2009,0,0
"TTO",2010,0,0
"TTO",2011,0,0
"TTO",2012,0,0
"TTO",2013,0,0
"TTO",2014,0,0
"TTO",2015,0,0
"TTO",2016,0,0
"TTO",2017,0,0
"TTO",2018,0,0
"TTO",2019,0,0
"TUN",2000,0,0
"TUN",2001,0,0
"TUN",2002,0,0
"TUN",2003,21,0
"TUN",2004,0,0
"TUN",2005,0,0
"TUN",2006,0,0
"TUN",2007,0,0
"TUN",2008,0,0
"TUN",2009,0,0
"TUN",2010,0,0
"TUN",2011,0,0
"TUN",2012,8,0
"TUN",2013,3,0
"TUN",2014,29,1
"TUN",2015,51,1
"TUN",2016,135,1
"TUN",2017,88,1
"TUN",2018,15,0
"TUN",2019,25,1
"TUR",2000,1195,1
"TUR",2001,153,1
"TUR",2002,120,1
"TUR",2003,34,1
"TUR",2004,150,1
"TUR",2005,221,1
"TUR",2006,295,1
"TUR",2007,226,1
"TUR",2008,502,1
"TUR",2009,491,1
"TUR",2010,138,1
"TUR",2011,231,1
"TUR",2012,410,1
"TUR",2013,789,1
"TUR",2014,23,0
"TUR",2015,11,0
"TUR",2016,1061,1
"TUR",2017,1558,1
"TUR",2018,455,1
"TUR",2019,435,1
"TZA",2000,0,0
"TZA",2001,0,0
"TZA",2002,37,1
"TZA",2003,0,0
"TZA",2004,0,0
"TZA",2005,0,0
"TZA",2006,0,0
"TZA",2007,0,0
"TZA",2008,3,0
"TZA",2009,0,0
"TZA",2010,0,0
"TZA",2011,0,0
"TZA",2012,0,0
"TZA",2013,0,0
"TZA",2014,0,0
"TZA",2015,0,0
"TZA",2016,0,0
"TZA",2017,0,0
"TZA",2018,1,0
"TZA",2019,1,0
"UGA",2000,1024,1
"UGA",2001,1238,1
"UGA",2002,212,1
"UGA",2003,1316,1
"UGA",2004,1628,1
"UGA",2005,2004,1
"UGA",2006,922,1
"UGA",2007,334,1
"UGA",2008,156,1
"UGA",2009,32,1
"UGA",2010,59,1
"UGA",2011,74,1
"UGA",2012,0,0
"UGA",2013,0,0
"UGA",2014,0,0
"UGA",2015,7,0
"UGA",2016,0,0
"UGA",2017,30,1
"UGA",2018,0,0
"UGA",2019,2,0
"UKR",2000,0,0
"UKR",2001,0,0
"UKR",2002,0,0
"UKR",2003,0,0
"UKR",2004,0,0
"UKR",2005,0,0
"UKR",2006,0,0
"UKR",2007,0,0
"UKR",2008,0,0
"UKR",2009,0,0
"UKR",2010,0,0
"UKR",2011,0,0
"UKR",2012,0,0
"UKR",2013,0,0
"UKR",2014,0,0
"UKR",2015,4528,1
"UKR",2016,1726,1
"UKR",2017,255,1
"UKR",2018,415,1
"UKR",2019,243,1
"URY",2000,0,0
"URY",2001,0,0
"URY",2002,0,0
"URY",2003,0,0
"URY",2004,0,0
"URY",2005,0,0
"URY",2006,0,0
"URY",2007,0,0
"URY",2008,0,0
"URY",2009,0,0
"URY",2010,0,0
"URY",2011,0,0
"URY",2012,0,0
"URY",2013,0,0
"URY",2014,0,0
"URY",2015,0,0
"URY",2016,0,0
"URY",2017,0,0
"URY",2018,0,0
"URY",2019,0,0
"USA",2000,0,0
"USA",2001,0,0
"USA",2002,2986,1
"USA",2003,0,0
"USA",2004,0,0
"USA",2005,0,0
"USA",2006,0,0
"USA",2007,0,0
"USA",2008,0,0
"USA",2009,0,0
"USA",2010,0,0
"USA",2011,2,0
"USA",2012,0,0
"USA",2013,0,0
"USA",2014,0,0
"USA",2015,0,0
"USA",2016,14,0
"USA",2017,0,0
"USA",2018,8,0
"USA",2019,0,0
"UZB",2000,50,1
"UZB",2001,297,1
"UZB",2002,0,0
"UZB",2003,0,0
"UZB",2004,0,0
"UZB",2005,37,1
"UZB",2006,0,0
"UZB",2007,0,0
"UZB",2008,0,0
"UZB",2009,0,0
"UZB",2010,16,0
"UZB",2011,0,0
"UZB",2012,0,0
"UZB",2013,0,0
"UZB",2014,0,0
"UZB",2015,0,0
"UZB",2016,0,0
"UZB",2017,0,0
"UZB",2018,0,0
"UZB",2019,0,0
"VCT",2000,0,0
"VCT",2001,0,0
"VCT",2002,0,0
"VCT",2003,0,0
"VCT",2004,0,0
"VCT",2005,0,0
"VCT",2006,0,0
"VCT",2007,0,0
"VCT",2008,0,0
"VCT",2009,0,0
"VCT",2010,0,0
"VCT",2011,0,0
"VCT",2012,0,0
"VCT",2013,0,0
"VCT",2014,0,0
"VCT",2015,0,0
"VCT",2016,0,0
"VCT",2017,0,0
"VCT",2018,0,0
"VCT",2019,0,0
"VEN",2000,26,1
"VEN",2001,27,1
"VEN",2002,27,1
"VEN",2003,27,1
"VEN",2004,25,1
"VEN",2005,31,1
"VEN",2006,30,1
"VEN",2007,22,0
"VEN",2008,16,0
"VEN",2009,27,1
"VEN",2010,25,1
"VEN",2011,22,0
"VEN",2012,10,0
"VEN",2013,33,1
"VEN",2014,6,0
"VEN",2015,44,1
"VEN",2016,32,1
"VEN",2017,59,1
"VEN",2018,72,1
"VEN",2019,78,1
"VNM",2000,0,0
"VNM",2001,0,0
"VNM",2002,0,0
"VNM",2003,0,0
"VNM",2004,0,0
"VNM",2005,0,0
"VNM",2006,0,0
"VNM",2007,0,0
"VNM",2008,0,0
"VNM",2009,0,0
"VNM",2010,0,0
"VNM",2011,0,0
"VNM",2012,0,0
"VNM",2013,0,0
"VNM",2014,0,0
"VNM",2015,0,0
"VNM",2016,0,0
"VNM",2017,0,0
"VNM",2018,0,0
"VNM",2019,0,0
"VUT",2000,0,0
"VUT",2001,0,0
"VUT",2002,0,0
"VUT",2003,0,0
"VUT",2004,0,0
"VUT",2005,0,0
"VUT",2006,0,0
"VUT",2007,0,0
"VUT",2008,0,0
"VUT",2009,0,0
"VUT",2010,0,0
"VUT",2011,0,0
"VUT",2012,0,0
"VUT",2013,0,0
"VUT",2014,0,0
"VUT",2015,0,0
"VUT",2016,0,0
"VUT",2017,0,0
"VUT",2018,0,0
"VUT",2019,0,0
"WSM",2000,0,0
"WSM",2001,0,0
"WSM",2002,0,0
"WSM",2003,0,0
"WSM",2004,0,0
"WSM",2005,0,0
"WSM",2006,0,0
"WSM",2007,0,0
"WSM",2008,0,0
"WSM",2009,0,0
"WSM",2010,0,0
"WSM",2011,0,0
"WSM",2012,0,0
"WSM",2013,0,0
"WSM",2014,0,0
"WSM",2015,0,0
"WSM",2016,0,0
"WSM",2017,0,0
"WSM",2018,0,0
"WSM",2019,0,0
"YEM",2000,0,0
"YEM",2001,0,0
"YEM",2002,0,0
"YEM",2003,0,0
"YEM",2004,6,0
"YEM",2005,28,1
"YEM",2006,0,0
"YEM",2007,0,0
"YEM",2008,0,0
"YEM",2009,21,0
"YEM",2010,94,1
"YEM",2011,201,1
"YEM",2012,1317,1
"YEM",2013,2345,1
"YEM",2014,582,1
"YEM",2015,2120,1
"YEM",2016,7239,1
"YEM",2017,3948,1
"YEM",2018,3493,1
"YEM",2019,4840,1
"ZAF",2000,19,0
"ZAF",2001,0,0
"ZAF",2002,0,0
"ZAF",2003,2,0
"ZAF",2004,0,0
"ZAF",2005,0,0
"ZAF",2006,0,0
"ZAF",2007,0,0
"ZAF",2008,0,0
"ZAF",2009,0,0
"ZAF",2010,0,0
"ZAF",2011,1,0
"ZAF",2012,0,0
"ZAF",2013,0,0
"ZAF",2014,0,0
"ZAF",2015,0,0
"ZAF",2016,0,0
"ZAF",2017,3,0
"ZAF",2018,0,0
"ZAF",2019,1,0
"ZMB",2000,0,0
"ZMB",2001,1,0
"ZMB",2002,7,0
"ZMB",2003,0,0
"ZMB",2004,0,0
"ZMB",2005,0,0
"ZMB",2006,0,0
"ZMB",2007,0,0
"ZMB",2008,0,0
"ZMB",2009,0,0
"ZMB",2010,0,0
"ZMB",2011,0,0
"ZMB",2012,0,0
"ZMB",2013,0,0
"ZMB",2014,0,0
"ZMB",2015,0,0
"ZMB",2016,0,0
"ZMB",2017,0,0
"ZMB",2018,0,0
"ZMB",2019,0,0
"ZWE",2000,1,0
"ZWE",2001,0,0
"ZWE",2002,0,0
"ZWE",2003,0,0
"ZWE",2004,0,0
"ZWE",2005,0,0
"ZWE",2006,0,0
"ZWE",2007,0,0
"ZWE",2008,0,0
"ZWE",2009,253,1
"ZWE",2010,0,0
"ZWE",2011,0,0
"ZWE",2012,1,0
"ZWE",2013,1,0
"ZWE",2014,0,0
"ZWE",2015,0,0
"ZWE",2016,0,0
"ZWE",2017,0,0
"ZWE",2018,0,0
"ZWE",2019,4,0
